id,name,link
0,Jordan 13 Retro Playoffs (2023),https://stockx.com/fr-fr/air-jordan-13-retro-playoffs-2023 
1,Nike Dunk Low Retro PRM Valentine's Day (2023),https://stockx.com/fr-fr/nike-dunk-low-valentines-day-2023 
2,Jordan 1 Retro High 85 Black White (2023),https://stockx.com/fr-fr/air-jordan-1-retro-high-85-black-white-2023 
3,Puma LaMelo Ball MB.02 Rick & Morty Adventures,https://stockx.com/fr-fr/puma-lamelo-ball-mb02-rick-and-morty-adventures 
4,New Balance 991 MiUK JJJJound Grey Olive,https://stockx.com/fr-fr/new-balance-991-miuk-jjjjound-grey-olive 
5,New Balance 574 Legacy Stone Island Steel Blue,https://stockx.com/fr-fr/new-balance-574-legacy-stone-island-steel-blue 
6,Nike Dunk Low Retro White Black Panda (2021),https://stockx.com/fr-fr/nike-dunk-low-retro-white-black-2021 
7,Nike Dunk Low Retro White Black Panda (2021) (W),https://stockx.com/fr-fr/nike-dunk-low-white-black-2021-w 
8,Nike Dunk Low Grey Fog,https://stockx.com/fr-fr/nike-dunk-low-grey-fog 
9,Jordan 4 Retro SE Craft Photon Dust,https://stockx.com/fr-fr/air-jordan-4-retro-se-craft-photon-dust 
10,Nike Dunk Low Retro White Black Panda (2021) (GS),https://stockx.com/fr-fr/nike-dunk-low-retro-white-black-gs 
11,Jordan 4 Retro Seafoam (W),https://stockx.com/fr-fr/air-jordan-4-retro-oil-green-w 
12,Nike Air Force 1 Low '07 White,https://stockx.com/fr-fr/nike-air-force-1-low-white-07 
13,Jordan 1 Retro High OG True Blue,https://stockx.com/fr-fr/air-jordan-1-retro-high-og-true-blue 
14,Jordan 1 Low SE Concord,https://stockx.com/fr-fr/air-jordan-1-low-se-concord 
15,Jordan 11 Retro Cherry (2022),https://stockx.com/fr-fr/air-jordan-11-retro-cherry-2022 
16,NikeCraft General Purpose Shoe Tom Sachs Field Brown,https://stockx.com/fr-fr/nikecraft-general-purpose-shoe-tom-sachs-brown 
17,Jordan 1 Mid SE Space Jam,https://stockx.com/fr-fr/air-jordan-1-mid-space-jam 
18,Nike Dunk Low Rose Whisper (W),https://stockx.com/fr-fr/nike-dunk-low-rose-whisper-w 
19,Jordan 1 Retro High OG Chicago Lost and Found,https://stockx.com/fr-fr/air-jordan-1-retro-high-og-chicago-reimagined-lost-and-found 
20,Jordan 1 Retro AJKO Low SP Union Sail Leather,https://stockx.com/fr-fr/air-jordan-1-retro-ajko-low-sp-union-sail 
21,Nike Dunk Low Next Nature White Black Panda (W),https://stockx.com/fr-fr/nike-dunk-low-next-nature-white-black-w 
22,Nike Dunk Low Active Fuchsia (GS),https://stockx.com/fr-fr/nike-dunk-low-active-fuchsia-gs 
23,Jordan 4 Retro Midnight Navy,https://stockx.com/fr-fr/air-jordan-4-retro-white-midnight-navy 
24,Jordan 5 Retro DJ Khaled We The Best Crimson Bliss,https://stockx.com/fr-fr/air-jordan-5-retro-dj-khaled-we-the-best-crimson-bliss 
25,Jordan 1 Retro High OG Reverse Laney (W),https://stockx.com/fr-fr/air-jordan-1-retro-high-og-reverse-laney-w 
26,Jordan 5 Retro Aqua,https://stockx.com/fr-fr/air-jordan-5-retro-aqua 
27,Jordan 4 Retro SE Craft Photon Dust (GS),https://stockx.com/fr-fr/air-jordan-4-retro-se-craft-photon-dust-gs 
28,Nike Dunk Low Summit White Midnight Navy,https://stockx.com/fr-fr/nike-dunk-low-summit-white-midnight-navy 
29,Nike Dunk Low Retro Red Swoosh Panda,https://stockx.com/fr-fr/nike-dunk-low-retro-red-swoosh-panda 
30,Nike SB Dunk Low Pro White Gum,https://stockx.com/fr-fr/nike-sb-dunk-low-pro-white-gum 
31,adidas Yeezy Slide Bone (2022 Restock),https://stockx.com/fr-fr/adidas-yeezy-slide-bone-2022 
32,Nike Dunk High Panda Black White (2021),https://stockx.com/fr-fr/nike-dunk-high-black-white-total-orange-2021 
33,Nike LeBron 20 All-Star,https://stockx.com/fr-fr/nike-lebron-20-all-star 
34,adidas Yeezy Slide Onyx,https://stockx.com/fr-fr/adidas-yeezy-slide-black-onyx 
35,New Balance 550 White Green,https://stockx.com/fr-fr/new-balance-550-white-green 
36,Nike Dunk Low Industrial Blue Sashiko,https://stockx.com/fr-fr/nike-dunk-low-industrial-blue-sashiko 
37,Nike Dunk Low Essential Paisley Pack Pink (W),https://stockx.com/fr-fr/nike-dunk-low-essential-paisley-pack-pink-w 
38,Nike Dunk Low Retro QS Argon (2022),https://stockx.com/fr-fr/nike-dunk-low-retro-qs-flash-white-argon-blue-flash 
39,Jordan 1 Retro Low OG SP Travis Scott Black Phantom,https://stockx.com/fr-fr/air-jordan-1-retro-low-og-sp-travis-scott-black-phantom 
40,Jordan 4 Retro A Ma Maniére Violet Ore,https://stockx.com/fr-fr/air-jordan-4-retro-a-ma-maniere-violet-ore 
41,New Balance 530 White Silver Navy,https://stockx.com/fr-fr/new-balance-530-white-silver-navy 
42,Jordan 11 Retro Cherry (2022) (GS),https://stockx.com/fr-fr/air-jordan-11-retro-cherry-2022-gs 
43,Jordan 1 Retro AJKO Low SP Union White Canvas,https://stockx.com/fr-fr/air-jordan-1-retro-ajko-low-sp-union 
44,Jordan 11 Retro Cool Grey (2021),https://stockx.com/fr-fr/air-jordan-11-retro-cool-grey-2021 
45," Nike SB Dunk Low Pro ""Why So Sad?"" ",https://stockx.com/fr-fr/nike-sb-dunk-low-pro-why-so-sad 
46,Nike Dunk Low Retro Miami Hurricanes,https://stockx.com/fr-fr/nike-dunk-low-retro-miami-hurricanes 
47,Nike SB Dunk Low Pro ISO Orange Label Grey Gum,https://stockx.com/fr-fr/nike-sb-dunk-low-pro-iso-orange-label-grey-gum 
48,Nike Dunk Low Light Orewood Brown Sashiko,https://stockx.com/fr-fr/nike-dunk-low-light-orewood-brown-sashiko 
49,Nike Dunk Low Retro Reverse Brazil,https://stockx.com/fr-fr/nike-dunk-low-reverse-brazil 
50,Nike Air Force 1 Low Supreme White,https://stockx.com/fr-fr/nike-air-force-1-low-supreme-box-logo-white 
51,Nike Dunk Low Next Nature White Mint (W),https://stockx.com/fr-fr/nike-dunk-low-next-nature-white-mint-w 
52,Nike Dunk High Panda (2021) (W),https://stockx.com/fr-fr/nike-dunk-high-panda-2021-w 
53,adidas Yeezy Slide Resin (2022),https://stockx.com/fr-fr/adidas-yeezy-slide-resin-2022 
54,Nike Air Force 1 Low Valentine’s Day (2023) (W),https://stockx.com/fr-fr/nike-air-force-1-low-valentines-day-2023 
55,Jordan 4 Retro Military Black,https://stockx.com/fr-fr/air-jordan-4-retro-military-black 
56,Jordan 1 Retro High OG Taxi,https://stockx.com/fr-fr/air-jordan-1-retro-high-og-yellow-toe 
57,adidas Yeezy Slide Flax,https://stockx.com/fr-fr/adidas-yeezy-slide-flax 
58,New Balance 550 White Grey,https://stockx.com/fr-fr/new-balance-550-white-grey 
59,Jordan 1 Retro High OG Patent Bred,https://stockx.com/fr-fr/air-jordan-1-retro-high-og-patent-bred 
60,Nike Dunk Low Retro White Black Panda (2021) (TD),https://stockx.com/fr-fr/nike-dunk-low-retro-white-black-td 
61,adidas Forum Buckle Low Bad Bunny Last Forum,https://stockx.com/fr-fr/adidas-forum-buckle-low-white 
62,Jordan 2 Retro Lucky Green,https://stockx.com/fr-fr/air-jordan-2-retro-lucky-green 
63,Nike Dunk Low Phantom Metallic Gold (W),https://stockx.com/fr-fr/nike-dunk-low-phantom-metallic-gold-w 
64,Nike Dunk Low QS LeBron James Fruity Pebbles,https://stockx.com/fr-fr/nike-dunk-low-qs-lebron-james-fruity-pebbles 
65,Nike Dunk Low Retro White Black Panda (2021) (PS),https://stockx.com/fr-fr/nike-dunk-low-retro-white-black-ps 
66,Crocs Pollex Clog by Salehe Bembury Sasquatch,https://stockx.com/fr-fr/crocs-pollex-clog-by-salehe-bembury-sasquatch 
67,Jordan 2 Retro OG Chicago (2022),https://stockx.com/fr-fr/air-jordan-2-retro-chicago-2022 
68,Jordan 1 Low True Blue,https://stockx.com/fr-fr/air-jordan-1-low-true-blue 
69,Jordan 3 Retro Fire Red (2022),https://stockx.com/fr-fr/air-jordan-3-retro-fire-red-2022 
70,Jordan 4 Retro SE Black Canvas,https://stockx.com/fr-fr/air-jordan-4-retro-se-black-canvas 
71,Jordan 6 Retro Chrome Metallic Silver,https://stockx.com/fr-fr/air-jordan-6-retro-metallic-silver 
72,Nike SB Dunk Low Pro Black Gum,https://stockx.com/fr-fr/nike-sb-dunk-low-pro-black-gum 
73,NikeCraft General Purpose Shoe Tom Sachs Archive Dark Sulfur,https://stockx.com/fr-fr/nikecraft-general-purpose-shoe-tom-sachs-yellow 
74,Jordan 1 Mid White Metallic Gold Obsidian,https://stockx.com/fr-fr/air-jordan-1-mid-white-metallic-gold-obsidian 
75,adidas Yeezy Foam RNR Onyx,https://stockx.com/fr-fr/adidas-yeezy-foam-rnnr-onyx 
76,adidas Yeezy Boost 350 V2 Bone,https://stockx.com/fr-fr/adidas-yeezy-boost-350-v2-bone 
77,adidas Yeezy Boost 350 V2 Beluga Reflective,https://stockx.com/fr-fr/adidas-yeezy-boost-350-v2-beluga-reflective 
78,Jordan 12 Retro Black Taxi,https://stockx.com/fr-fr/air-jordan-12-retro-black-taxi 
79,Nike Dunk Low Retro White Pure Platinum,https://stockx.com/fr-fr/nike-dunk-low-retro-white-pure-platinum 
80," Nike Air Force 1 Low ""Supreme Black"" ",https://stockx.com/fr-fr/nike-air-force-1-low-supreme-box-logo-black 
81,Jordan 1 Low SE Concord (GS),https://stockx.com/fr-fr/air-jordan-1-low-se-concord-gs 
82,adidas Yeezy Boost 350 V2 Zebra,https://stockx.com/fr-fr/adidas-yeezy-boost-350-v2-white-core-black-red 
83,Jordan 4 Retro Canyon Purple (W),https://stockx.com/fr-fr/air-jordan-4-retro-canyon-purple-w 
84,adidas Samba OG Cloud White Core Black,https://stockx.com/fr-fr/adidas-samba-og-cloud-white-core-black 
85,Jordan 1 Low Shadow Toe,https://stockx.com/fr-fr/air-jordan-1-low-shadow-toe 
86,Jordan 6 Retro Cool Grey,https://stockx.com/fr-fr/air-jordan-6-retro-cool-grey 
87,Nike Cortez SP CLOT CLOTEZ Yin Yang,https://stockx.com/fr-fr/nike-cortez-sp-clot-clotez-yin-yang 
88,Nike Dunk Low Setsubun (2022),https://stockx.com/fr-fr/nike-dunk-low-setsubun-2022 
89,Nike Tiger Woods TW '13 Retro White Varsity Red,https://stockx.com/fr-fr/nike-tiger-woods-13-retro-white-varsity-red 
90,New Balance 2002R Protection Pack Rain Cloud,https://stockx.com/fr-fr/new-balance-m2002-protection-pack-rain-cloud 
91,UGG Classic Ultra Mini Chestnut (W),https://stockx.com/fr-fr/ugg-classic-ultra-mini-chestnut-w 
92,Nike SB Dunk Low Sandy Bodecker,https://stockx.com/fr-fr/nike-sb-dunk-low-ebay-sandy-boedecker 
93,Nike Court Legacy Lift White Black (W),https://stockx.com/fr-fr/nike-court-legacy-lift-white-black-w 
94,UGG Tasman Slipper Chestnut,https://stockx.com/fr-fr/ugg-tasman-slipper-chestnut 
95,Nike Dunk Low Peach Cream (W),https://stockx.com/fr-fr/nike-dunk-low-peach-cream-w 
96,Nike Air Force 1 Low '07 Black Black,https://stockx.com/fr-fr/nike-air-force-1-07-black-black 
97,Nike Blazer Mid 77 Vintage White Black,https://stockx.com/fr-fr/nike-blazer-mid-77-vintage-white-black 
98," Jordan 1 Retro Low OG ""Zion Williamson Voodoo"" ",https://stockx.com/fr-fr/air-jordan-1-retro-low-og-zion-williamson-voodoo 
99,Jordan 1 Low Bred Toe,https://stockx.com/fr-fr/air-jordan-1-low-bred-toe 
100,Jordan 1 Retro High OG Chicago Lost and Found (GS),https://stockx.com/fr-fr/air-jordan-1-retro-high-og-chicago-reimagined-lost-and-found-gs 
101,Jordan 1 Retro High OG Starfish (W),https://stockx.com/fr-fr/air-jordan-1-retro-high-og-starfish-w 
102,adidas Samba Vegan White Gum,https://stockx.com/fr-fr/adidas-samba-vegan-white-gum 
103,Jordan 13 Retro Playoffs (2023) (GS),https://stockx.com/fr-fr/air-jordan-13-retro-playoffs-2023-gs 
104,Jordan 1 Mid Light Smoke Grey,https://stockx.com/fr-fr/air-jordan-1-mid-light-smoke-grey 
105,Nike SB Dunk Low Concepts Orange Lobster,https://stockx.com/fr-fr/nike-sb-dunk-low-concepts-orange-lobster 
106,Jordan 4 Retro Midnight Navy (GS),https://stockx.com/fr-fr/air-jordan-4-retro-midnight-navy-gs 
107,Nike Dunk Low Mineral Slate Armory Navy,https://stockx.com/fr-fr/nike-dunk-low-armory-navy 
108,Nike Zoom LeBron NXXT Gen I Promise,https://stockx.com/fr-fr/nike-zoom-lebron-nxxt-gen-i-promise 
109,Jordan 1 Retro High OG Bleached Coral,https://stockx.com/fr-fr/air-jordan-1-retro-high-og-stage-haze 
110,UGG Tazz Slipper Chestnut (W),https://stockx.com/fr-fr/ugg-tazz-slipper-chestnut-w 
111,UGG Classic Ultra Mini Platform Chestnut (W),https://stockx.com/fr-fr/ugg-classic-ultra-mini-platform-chestnut-w 
112,Nike Dunk Low Safari Mix (W),https://stockx.com/fr-fr/nike-dunk-low-safari-mix-w 
113,adidas Samba Vegan Black Gum,https://stockx.com/fr-fr/adidas-samba-vegan-black-gum 
114,adidas Yeezy Boost 350 V2 Slate,https://stockx.com/fr-fr/adidas-yeezy-boost-350-v2-slate-core-black-slate 
115,Jordan 13 Retro Black University Blue,https://stockx.com/fr-fr/air-jordan-13-retro-university-blue 
116,Jordan 4 Retro Red Thunder,https://stockx.com/fr-fr/air-jordan-4-retro-red-thunder 
117,adidas Yeezy Slide Pure (Restock Pair),https://stockx.com/fr-fr/adidas-yeezy-slide-pure-restock-pair 
118,Nike Air Force 1 Low Drake NOCTA Certified Lover Boy,https://stockx.com/fr-fr/nike-air-force-1-low-drake-certified-lover-boy 
119,Jordan 4 Retro Infrared,https://stockx.com/fr-fr/air-jordan-4-retro-infrared 
120,Nike Dunk Low SP Kentucky (2020/2022),https://stockx.com/fr-fr/nike-dunk-low-sp-kentucky 
121,Jordan 1 Retro High OG Gorge Green,https://stockx.com/fr-fr/air-jordan-1-retro-high-og-gorge-green 
122,adidas Yeezy Boost 350 V2 Onyx,https://stockx.com/fr-fr/adidas-yeezy-boost-350-v2-onyx 
123,Nike Dunk Low Arizona State,https://stockx.com/fr-fr/nike-dunk-low-arizona-state 
124,Jordan 1 Mid True Blue,https://stockx.com/fr-fr/air-jordan-1-mid-true-blue 
125,UGG Tasman Slipper Chestnut (W),https://stockx.com/fr-fr/ugg-tasman-slipper-chestnut-w 
126," Jordan 1 Retro High ""White University Blue Black"" ",https://stockx.com/fr-fr/air-jordan-1-retro-high-white-university-blue-black 
127,adidas Gazelle Bold Pink Glow (W),https://stockx.com/fr-fr/adidas-gazelle-bold-pink-glow-w 
128," Nike Dunk Low SE ""Lottery Pack Grey Fog"" ",https://stockx.com/fr-fr/nike-dunk-low-se-jackpot 
129,Jordan 1 Mid White Black Red (2022),https://stockx.com/fr-fr/air-jordan-1-mid-white-black-red-2022 
130," Nike Dunk Low SE ""Lottery Pack Malachite Green"" ",https://stockx.com/fr-fr/nike-dunk-low-se-lottery 
131,Jordan 1 Mid Diamond Shorts,https://stockx.com/fr-fr/air-jordan-1-mid-diamond-shorts 
132,Jordan 1 High OG Denim (W),https://stockx.com/fr-fr/air-jordan-1-high-og-denim-w 
133,Jordan 2 Retro J Balvin,https://stockx.com/fr-fr/air-jordan-2-retro-j-balvin 
134,Jordan 9 Retro Fire Red,https://stockx.com/fr-fr/air-jordan-9-retro-fire-red 
135,Jordan 1 Mid SE Space Jam (GS),https://stockx.com/fr-fr/air-jordan-1-mid-space-jam-gs 
136,Nike Dunk Low Valentine's Day Yellow Heart (W),https://stockx.com/fr-fr/nike-dunk-low-yellow-heart-w 
137,adidas Yeezy Slide Glow Green (2022) (Restock),https://stockx.com/fr-fr/adidas-yeezy-slide-glow-green-2022 
138," adidas Campus 80s ""South Park Towelie"" ",https://stockx.com/fr-fr/adidas-campus-80s-south-park-towelie 
139,adidas ADI2000 Yu-Gi-Oh! Yugi's World (with Sealed Dark Magician Promo Card),https://stockx.com/fr-fr/adidas-adi2000-yu-gi-oh-yugis-world 
140,Nike Dunk Low USC,https://stockx.com/fr-fr/nike-dunk-low-usc 
141,New Balance 550 White Black,https://stockx.com/fr-fr/new-balance-550-white-black 
142,Jordan 1 Retro Low OG SP Travis Scott Reverse Mocha,https://stockx.com/fr-fr/air-jordan-1-retro-low-og-sp-travis-scott-reverse-mocha 
143,adidas Samba OG Black White Gum,https://stockx.com/fr-fr/adidas-samba-black-white-gum 
144,Jordan 1 Retro High OG White Cement,https://stockx.com/fr-fr/air-jordan-1-retro-high-og-white-cement 
145,Jordan 11 Retro Low 72-10,https://stockx.com/fr-fr/air-jordan-11-retro-low-72-10 
146,Nike Air VaporMax Plus Triple Black,https://stockx.com/fr-fr/nike-air-vapormax-plus-triple-black 
147,UGG Tasman Slipper Black,https://stockx.com/fr-fr/ugg-tasman-slipper-black 
148,adidas Yeezy Boost 350 V2 Black Red (2017/2020),https://stockx.com/fr-fr/adidas-yeezy-boost-350-v2-core-black-red-2017 
149,Jordan 1 Low SE Reverse Ice Blue (W),https://stockx.com/fr-fr/air-jordan-1-low-se-reverse-ice-blue-w 
150,Jordan 1 Mid Ice Blue (2022) (GS),https://stockx.com/fr-fr/air-jordan-1-mid-ice-blue-gs 
151,Nike Dunk Low Retro PRM Year of the Rabbit White Rabbit (2023),https://stockx.com/fr-fr/nike-dunk-low-retro-prm-year-of-the-rabbit-white-crimson-varsity-royal 
152,Nike KD 3 All-Star (2023),https://stockx.com/fr-fr/nike-kd-3-all-star-2023 
153,Nike Vapor Edge Dunk Panda,https://stockx.com/fr-fr/nike-vapor-edge-dunk-panda 
154,Nike React Phantom Run Flyknit 2 Black Hyper Royal,https://stockx.com/fr-fr/nike-react-phantom-run-flyknit-2-black-hyper-royal 
155,Jordan 1 Retro Low Golf Wolf Grey,https://stockx.com/fr-fr/air-jordan-1-retro-low-golf-wolf-grey 
156,Jordan 5 Retro Aqua (GS),https://stockx.com/fr-fr/air-jordan-5-retro-aqua-gs 
157,Jordan 1 Mid Knicks,https://stockx.com/fr-fr/air-jordan-1-mid-knicks 
158,Nike Air Max 1 Crepe Soft Grey,https://stockx.com/fr-fr/nike-air-max-1-crepe-soft-grey 
159,Jordan 1 Retro High OG Dark Marina Blue,https://stockx.com/fr-fr/air-jordan-1-retro-high-og-dark-marina-blue 
160,Jordan 4 Retro Military Black (GS),https://stockx.com/fr-fr/air-jordan-4-retro-military-black-gs 
161,Jordan 6 Retro Georgetown (2022),https://stockx.com/fr-fr/air-jordan-6-retro-georgetown-2022 
162,Nike Air Penny 2 Black Patent Football Grey,https://stockx.com/fr-fr/nike-air-penny-2-black-patent 
163,Jordan 12 Retro Playoffs (2022),https://stockx.com/fr-fr/air-jordan-12-retro-playoffs-2022 
164,Jordan 1 Retro High OG Heritage,https://stockx.com/fr-fr/air-jordan-1-retro-high-og-heritage 
165,adidas Yeezy Foam RNNR Sand,https://stockx.com/fr-fr/adidas-yeezy-foam-rnnr-sand 
166,Jordan 4 Retro Lightning (2021),https://stockx.com/fr-fr/air-jordan-4-retro-lightning-2021 
167,adidas Yeezy 700 V3 Azael,https://stockx.com/fr-fr/adidas-yeezy-boost-700-v3-azael 
168,Nike Dunk Low Teddy Bear (W),https://stockx.com/fr-fr/nike-dunk-low-teddy-bear-w 
169,Nike SB Dunk Low Adobe,https://stockx.com/fr-fr/nike-dunk-low-adobe 
170,Jordan 1 Elevate Low SE Lucky Green (W),https://stockx.com/fr-fr/air-jordan-1-elevate-low-se-lucky-green-w 
171,Jordan 1 Retro High OG Rebellionaire,https://stockx.com/fr-fr/air-jordan-1-retro-high-og-rebellionaire 
172,Jordan 1 Retro Low OG Black Dark Powder Blue,https://stockx.com/fr-fr/air-jordan-1-retro-low-og-unc 
173,Nike Dunk Low Light Iron Ore (W),https://stockx.com/fr-fr/nike-dunk-low-light-iron-ore-w 
174,adidas Yeezy Boost 700 Wave Runner,https://stockx.com/fr-fr/adidas-yeezy-wave-runner-700-solid-grey 
175,Nike SB Dunk Low Pro QS Neckface,https://stockx.com/fr-fr/nike-dunk-sb-low-pro-qs-neckface 
176,Nike Dunk Low Stencil Swoosh,https://stockx.com/fr-fr/nike-dunk-low-stencil-swoosh 
177,Nike Dunk Low Medium Olive (W),https://stockx.com/fr-fr/nike-dunk-low-medium-olive-w 
178,NikeCraft General Purpose Shoe Tom Sachs,https://stockx.com/fr-fr/nikecraft-general-purpose-shoe-tom-sachs 
179,Jordan 1 Retro High OG Heirloom,https://stockx.com/fr-fr/air-jordan-1-retro-high-og-heirloom 
180,Jordan 1 Mid Stealth (W),https://stockx.com/fr-fr/air-jordan-1-mid-stealth-w 
181,Nike Dunk High Blue Chill,https://stockx.com/fr-fr/nike-dunk-high-blue-chill 
182,New Balance 1906D Protection Pack Harbor Grey,https://stockx.com/fr-fr/new-balance-1906d-protection-pack-harbor-grey 
183,Nike Dunk Low Retro Pure Platinum Blue Lightning,https://stockx.com/fr-fr/nike-dunk-low-retro-light-blue-2023 
184,Nike Air Max 97 Triple White Wolf Grey,https://stockx.com/fr-fr/nike-air-max-97-white-wolf-grey 
185,Jordan 1 Low Aluminum (W),https://stockx.com/fr-fr/air-jordan-1-low-aluminum-w 
186,Jordan 6 Retro Chrome Metallic Silver (GS),https://stockx.com/fr-fr/air-jordan-6-retro-chrome-metallic-silver-gs 
187,Nike Dunk Low Retro Green Glow,https://stockx.com/fr-fr/nike-dunk-low-retro-green-glow 
188,adidas Yeezy Boost 350 V2 Core Black Red (2016/2022),https://stockx.com/fr-fr/adidas-yeezy-boost-350-v2-core-black-red 
189,Nike SB Dunk Low Los Angeles Dodgers,https://stockx.com/fr-fr/nike-sb-dunk-low-los-angeles-dodgers 
190,MSCHF Big Red Boot,https://stockx.com/fr-fr/mschf-big-red-boot 
191," Nike SB Dunk Low ""HUF San Francisco"" ",https://stockx.com/fr-fr/nike-sb-dunk-low-huf-san-francisco 
192,Jordan 1 Low SE Sail Rattan University Red,https://stockx.com/fr-fr/air-jordan-1-low-se-sail-rattan-university-red 
193,UGG Tasman Slipper Driftwood (W),https://stockx.com/fr-fr/ugg-tasman-slipper-driftwood-w 
194,New Balance 9060 Bricks & Wood,https://stockx.com/fr-fr/new-balance-9060-bricks-wood 
195,Nike Dunk Low UCLA,https://stockx.com/fr-fr/nike-dunk-low-ucla 
196,Nike Dunk Low Halloween (2022) (GS),https://stockx.com/fr-fr/nike-dunk-low-halloween-gs-2022 
197,Nike Dunk Low Grey Panda Volt,https://stockx.com/fr-fr/nike-dunk-low-grey-panda-volt 
198,Jordan 3 Retro Dark Iris,https://stockx.com/fr-fr/air-jordan-3-retro-dark-iris 
199,Converse Chuck Taylor All-Star 70 Hi Comme des Garcons PLAY Black,https://stockx.com/fr-fr/converse-chuck-taylor-all-star-70s-hi-comme-des-garcons-play-black 
200,Nike Dunk Low Retro White Grey,https://stockx.com/fr-fr/nike-dunk-low-retro-white-grey 
201,Nike Dunk Low Retro Coconut Milk (W),https://stockx.com/fr-fr/nike-dunk-low-retro-coconut-milk-w 
202,Jordan 1 Mid Lakers (2022),https://stockx.com/fr-fr/air-jordan-1-mid-lakers-2022 
203," Jordan 4 Retro ""Messy Room (GS)"" ",https://stockx.com/fr-fr/air-jordan-4-retro-messy-room-gs 
204,Nike Dunk Low Montreal Bagel Sesame,https://stockx.com/fr-fr/nike-dunk-low-montreal-bagel-sesame 
205,Nike Dunk Low Triple Pink (GS),https://stockx.com/fr-fr/nike-dunk-low-triple-pink-gs 
206,Crocs Pollex Clog by Salehe Bembury Kuwata,https://stockx.com/fr-fr/crocs-pollex-clog-by-salehe-bembury-kuwata 
207,Birkenstock Boston Soft Footbed Suede Taupe,https://stockx.com/fr-fr/birkenstock-boston-soft-footbed-suede-taupe 
208,Jordan 6 Retro UNC White,https://stockx.com/fr-fr/air-jordan-6-retro-unc-white 
209,Jordan 1 Low SE Craft Taupe Haze,https://stockx.com/fr-fr/air-air-jordan-1-low-se-craft-taupe-haze 
210,Jordan 1 Retro High OG Atmosphere (W),https://stockx.com/fr-fr/air-jordan-1-retro-high-og-atmosphere-w 
211,Jordan 1 Retro High Shadow 2.0,https://stockx.com/fr-fr/air-jordan-1-retro-high-black-white-light-smoke-grey 
212,Jordan 1 Retro High OG A Ma Maniére,https://stockx.com/fr-fr/air-jordan-1-retro-high-og-a-ma-maniere 
213,Jordan 1 Low Craft Inside Out Black,https://stockx.com/fr-fr/air-jordan-1-low-inside-out-black 
214,Jordan 1 Mid Split Black White (W),https://stockx.com/fr-fr/air-jordan-1-mid-split-black-white 
215,Nike Dunk Low Dark Beetroot,https://stockx.com/fr-fr/nike-dunk-low-dark-beetroot 
216,Nike Dunk Low Retro PRM Halloween (2022),https://stockx.com/fr-fr/nike-dunk-low-swoosh-shadow-iron-grey 
217,Nike Dunk Low Ironstone,https://stockx.com/fr-fr/nike-dunk-low-ironstone 
218,Nike Dunk Low Coconut Milk,https://stockx.com/fr-fr/nike-dunk-low-coconut-milk 
219,Jordan 1 Mid SE Craft Inside Out White Grey,https://stockx.com/fr-fr/air-jordan-1-mid-inside-out-white-grey 
220,Jordan 1 Mid Alternate Bred (2022),https://stockx.com/fr-fr/air-jordan-1-mid-alternate-bred-2022 
221,Nike Air Force 1 Low '07 White (W),https://stockx.com/fr-fr/nike-air-force-1-low-white-2018-w 
222,Jordan 6 Retro Midnight Navy (2022),https://stockx.com/fr-fr/air-jordan-6-retro-midnight-navy-2022 
223,Jordan 4 Retro Zen Master,https://stockx.com/fr-fr/air-jordan-4-retro-zen-master 
224,Jordan 1 Low OG EX Black Smoke Grey,https://stockx.com/fr-fr/air-jordan-1-low-og-ex-dark-smoke-grey 
225,Nike Dunk Low Graffiti Pink,https://stockx.com/fr-fr/nike-dunk-low-graffiti 
226,Jordan 1 Low Ashen Slate,https://stockx.com/fr-fr/air-jordan-1-low-ashen-slate 
227,Jordan 1 Low Triple White (2022),https://stockx.com/fr-fr/air-jordan-1-low-triple-white-2022 
228,adidas Handball Spezial Navy Gum,https://stockx.com/fr-fr/adidas-handball-spezial-navy-gum 
229,Jordan 5 Retro UNC University Blue,https://stockx.com/fr-fr/air-jordan-5-retro-unc-university-blue 
230,New Balance 550 Sea Salt Pine Green,https://stockx.com/fr-fr/new-balance-550-sea-salt-pine-green 
231," Jordan 1 Retro High ""Dark Mocha"" ",https://stockx.com/fr-fr/air-jordan-1-retro-high-dark-mocha 
232,Jordan 1 Retro Low Golf Shadow,https://stockx.com/fr-fr/air-jordan-1-retro-low-golf-shadow 
233,Jordan 13 Retro French Blue,https://stockx.com/fr-fr/air-jordan-13-retro-french-blue 
234,Nike Air Max Plus White,https://stockx.com/fr-fr/nike-air-max-plus-white 
235,Nike Air Max 1 Premium Hangul Day,https://stockx.com/fr-fr/nike-air-max-1-premium-hangul-day 
236,Jordan 1 Retro High OG Brotherhood,https://stockx.com/fr-fr/air-jordan-1-retro-high-og-brotherhood 
237,Jordan 1 Retro Low OG SP Fragment x Travis Scott,https://stockx.com/fr-fr/air-jordan-1-low-fragment-design-x-travis-scott 
238,Jordan 1 High Golf Black White,https://stockx.com/fr-fr/air-jordan-1-high-golf-black-white 
239,New Balance 9060 Blue Haze,https://stockx.com/fr-fr/new-balance-9060-blue-haze 
240,Jordan 3 Retro Cardinal Red,https://stockx.com/fr-fr/air-jordan-3-retro-cardinal-red 
241,Nike Dunk Low Championship Court Purple,https://stockx.com/fr-fr/nike-dunk-low-championship-court-purple 
242,Crocs Classic Clog Lightning McQueen,https://stockx.com/fr-fr/crocs-classic-clog-lightning-mcqueen 
243,Nike Air Max 1 Travis Scott Cactus Jack Saturn Gold,https://stockx.com/fr-fr/nike-air-max-1-travis-scott-wheat 
244,Nike Air VaporMax 2021 FK Black Anthracite,https://stockx.com/fr-fr/nike-air-vapormax-2021-fk-black-anthracite 
245,Crocs Pollex Clog by Salehe Bembury Tide,https://stockx.com/fr-fr/crocs-pollex-clog-by-salehe-bembury-tide 
246,adidas Yeezy Slide Ochre,https://stockx.com/fr-fr/adidas-yeezy-slide-ochre 
247,Nike Dunk Low Valerian Blue,https://stockx.com/fr-fr/nike-dunk-low-valerian-blue 
248,adidas Yeezy Boost 350 V2 Blue Tint,https://stockx.com/fr-fr/adidas-yeezy-boost-350-v2-blue-tint 
249,Jordan 1 Low Inside Out White Phantom,https://stockx.com/fr-fr/air-jordan-1-low-inside-out-cream-white-light-grey 
250,Nike Air VaporMax 2021 FK White Black Metallic Silver,https://stockx.com/fr-fr/nike-air-vapormax-2021-fk-white-black-metallic-silver 
251,New Balance 990v5 Grey,https://stockx.com/fr-fr/new-balance-990v5-grey 
252,Nike Air Max Plus Triple Black,https://stockx.com/fr-fr/nike-air-max-plus-triple-black 
253,Nike Air Max 1 Travis Scott Cactus Jack Baroque Brown,https://stockx.com/fr-fr/nike-air-max-1-travis-scott-baroque-brown 
254,Jordan 12 Retro Stealth,https://stockx.com/fr-fr/air-jordan-12-retro-stealth 
255,Nike Air Max 97 OG Silver Bullet (2022),https://stockx.com/fr-fr/nike-air-max-97-og-silver-bullet-2022 
256,Nike Air Force 1 Low 40th Anniversary Edition Split Black White,https://stockx.com/fr-fr/nike-air-force-1-low-anniversary-edition-split-black-white 
257," Jordan 1 Low OG ""Bleached Coral"" ",https://stockx.com/fr-fr/air-jordan-1-low-og-bleached-coral 
258,Jordan 1 Retro High OG Varsity Red (W),https://stockx.com/fr-fr/air-jordan-1-high-og-newstalgia-chenille-w 
259,Nike Dunk Low Bone Beige (W),https://stockx.com/fr-fr/nike-dunk-low-bone-beige-w 
260,Nike LeBron 20 Violet Frost,https://stockx.com/fr-fr/nike-lebron-20-violet-frost 
261,Jordan 1 Low White Bordeaux,https://stockx.com/fr-fr/air-jordan-1-low-white-bordeaux 
262,Jordan 6 Retro Cool Grey (2023) (GS) ,https://stockx.com/fr-fr/air-jordan-6-retro-cool-grey-gs-2023 
263,adidas Yeezy Foam RNNR Stone Sage,https://stockx.com/fr-fr/adidas-yeezy-foam-rnnr-stone-sage 
264,Jordan 1 Mid Linen,https://stockx.com/fr-fr/air-jordan-1-mid-linen 
265,Nike Dunk Low EMB NBA 75th Anniversary Chicago,https://stockx.com/fr-fr/nike-dunk-low-emb-nba-75th-anniversary 
266,Jordan 5 Retro Green Bean (2022),https://stockx.com/fr-fr/air-jordan-5-retro-green-bean-2022 
267,Nike Air Force 1 Low SP Supreme Wheat,https://stockx.com/fr-fr/nike-air-force-1-low-supreme-flax 
268,Nike Dunk Low SP Syracuse (2020/2022),https://stockx.com/fr-fr/nike-dunk-low-sp-syracuse 
269,Nike KD 15 Aunt Pearl,https://stockx.com/fr-fr/nike-kd-15-aunt-pearl 
270," Nike Air Force 1 Low ""Triple Red"" ",https://stockx.com/fr-fr/nike-air-force-1-low-triple-red 
271,Nike Air Max 1 PRM Duck Pecan Yellow Ochre,https://stockx.com/fr-fr/nike-air-max-1-prm-duck-pecan 
272,Jordan 1 Retro High OG True Blue (GS),https://stockx.com/fr-fr/air-jordan-1-retro-high-og-true-blue-gs 
273,Nike Air Force 1 Low SP Tiffany And Co.,https://stockx.com/fr-fr/nike-air-force-1-low-sp-tiffany-and-co 
274,Nike Dunk Low Venice (W),https://stockx.com/fr-fr/nike-dunk-low-light-violet-w 
275,Jordan 1 Mid Light Smoke Grey Anthracite,https://stockx.com/fr-fr/air-jordan-1-mid-light-smoke-grey-anthracite 
276,adidas Yeezy Boost 350 V2 MX Rock,https://stockx.com/fr-fr/adidas-yeezy-boost-350-v2-mx-rock 
277,Jordan 5 Retro Dark Concord,https://stockx.com/fr-fr/air-jordan-5-retro-concord 
278,Nike SB Dunk Low Crushed D.C.,https://stockx.com/fr-fr/nike-sb-dunk-low-crushed-dc 
279,Nike Air Max Penny 1 All-Star Black Metallic Silver,https://stockx.com/fr-fr/nike-air-max-penny-1-all-star-black-metallic-silver-varsity-royal 
280,Nike Dunk Low Ivory Hyper Royal (GS),https://stockx.com/fr-fr/nike-dunk-low-ivory-hyper-royal-gs 
281,Jordan 13 Retro SoleFly,https://stockx.com/fr-fr/air-jordan-13-retro-solefly 
282,Jordan 1 Retro High OG Twist 2.0 Medium Grey (W),https://stockx.com/fr-fr/air-jordan-1-retro-high-og-twist-20-w 
283,Puma LaMelo Ball MB.02 Nickelodeon Slime (GS),https://stockx.com/fr-fr/puma-lamelo-ball-mb02-nickelodeon-slime-gs 
284,Nike LeBron 20 Liverpool,https://stockx.com/fr-fr/nike-lebron-20-liverpool 
285,Jordan 5 Retro Racer Blue,https://stockx.com/fr-fr/air-jordan-5-retro-racer-blue 
286,Jordan 1 Low Diamond Shorts,https://stockx.com/fr-fr/air-jordan-1-low-diamond-shorts 
287,Jordan 1 Retro High OG Bordeaux,https://stockx.com/fr-fr/air-jordan-1-retro-high-bordeaux 
288,Nike Blazer Mid 77 White Black (W),https://stockx.com/fr-fr/nike-blazer-mid-77-white-black-w 
289,UGG Tasman Slipper Black (W),https://stockx.com/fr-fr/ugg-tasman-slipper-black-w 
290,Jordan 11 Retro Midnight Navy (W),https://stockx.com/fr-fr/air-jordan-11-retro-midnight-navy-w 
291,UGG Disquette Slipper Chestnut (W),https://stockx.com/fr-fr/ugg-disquette-slipper-chestnut-w 
292,New Balance 550 White Blue,https://stockx.com/fr-fr/new-balance-550-white-blue 
293,UGG Neumel Boot Black,https://stockx.com/fr-fr/ugg-neumel-boot-black 
294,Nike LD Waffle sacai Undercover Midnight Spruce University Red,https://stockx.com/fr-fr/nike-ld-waffle-sacai-undercover-university-red 
295,Nike PG 6 What The,https://stockx.com/fr-fr/nike-pg-6-what-the 
296,Nike Dunk Low Two-Toned Grey (GS),https://stockx.com/fr-fr/nike-dunk-low-two-toned-grey-gs 
297,adidas Yeezy Boost 700 V2 Static (2018/2022),https://stockx.com/fr-fr/adidas-yeezy-boost-700-v2-static 
298,Jordan 4 Retro Infrared (GS),https://stockx.com/fr-fr/air-jordan-4-retro-infrared-gs 
299,Nike Air Force 1 Low '07 White Black Pebbled Leather,https://stockx.com/fr-fr/nike-air-force-1-07-white-black-pebbled-leather 
300,Jordan 11 Retro Jubilee 25th Anniversary,https://stockx.com/fr-fr/air-jordan-11-retro-black-clear 
301,Jordan 1 Retro High OG Hyper Royal,https://stockx.com/fr-fr/air-jordan-1-retro-high-hyper-royal-smoke-grey 
302," Jordan 5 Retro ""Raging Bull Red (2021)"" ",https://stockx.com/fr-fr/air-jordan-5-retro-raging-bulls-red-2021 
303,Jordan 3 Retro Fire Red (2022) (GS),https://stockx.com/fr-fr/air-jordan-3-retro-fire-red-2022-gs 
304,Nike M2K Tekno Cool White (W),https://stockx.com/fr-fr/nike-m2k-tekno-cool-white-w 
305,Nike Dunk Low Retro White Black University Red,https://stockx.com/fr-fr/nike-dunk-low-retro-white-black-university-red 
306,New Balance 550 Cream Black,https://stockx.com/fr-fr/new-balance-550-cream-black 
307,Nike Dunk Low Fossil Rose,https://stockx.com/fr-fr/nike-dunk-low-fossil-rose 
308,Jordan 2 Retro SP Union Grey Fog,https://stockx.com/fr-fr/air-jordan-2-retro-union-grey-fog 
309,Nike SB Dunk Low Pro St. Patrick's Day (2022),https://stockx.com/fr-fr/nike-sb-dunk-low-pro-st-patricks-day-2022 
310,adidas Yeezy Boost 700 Analog,https://stockx.com/fr-fr/adidas-yeezy-boost-700-analog 
311,Jordan 1 Low Wolf Grey (W),https://stockx.com/fr-fr/air-jordan-1-low-wolf-grey-w 
312,Puma LaMelo Ball MB.02 Nickelodeon Slime,https://stockx.com/fr-fr/puma-lamelo-ball-mb02-slime 
313,New Balance 327 WS327 KB (W),https://stockx.com/fr-fr/new-balance-327-ws327-kb-w 
314,Jordan 1 Low Bred Toe (GS),https://stockx.com/fr-fr/air-jordan-1-low-bred-toe-gs 
315,Jordan 1 Retro High Pollen,https://stockx.com/fr-fr/air-jordan-1-retro-high-pollen 
316,Jordan 1 Retro High OG Stealth,https://stockx.com/fr-fr/air-jordan-1-retro-high-og-stealth 
317,Jordan 1 Low Starfish,https://stockx.com/fr-fr/air-jordan-1-low-og-shattered-backboard 
318,Nike Air Max 1 Sail Ironstone,https://stockx.com/fr-fr/nike-air-max-1-sail-ironstone 
319,Jordan 5 Retro DJ Khaled We The Best Sail,https://stockx.com/fr-fr/air-jordan-5-retro-dj-khaled-we-the-best-sail 
320,Jordan 1 Mid SE Multi Color (2022) (W),https://stockx.com/fr-fr/air-jordan-1-mid-multi-color-2022-w 
321,Jordan 5 Retro Gore-Tex Off-Noir (W),https://stockx.com/fr-fr/air-jordan-5-retro-gore-tex-off-noir-w 
322,adidas Yeezy Boost 350 V2 Mono Ice,https://stockx.com/fr-fr/adidas-yeezy-boost-350-v2-mono-ice 
323,Jordan 4 Retro University Blue,https://stockx.com/fr-fr/air-jordan-4-retro-university-blue 
324,Jordan 4 Retro White Oreo (2021),https://stockx.com/fr-fr/air-jordan-4-retro-white-oreo-2021 
325,Nike Dunk Low Wolf Grey Pure Platinum,https://stockx.com/fr-fr/nike-dunk-low-wolf-grey-pure-platinum 
326,Jordan 1 Retro High Silver Toe (W),https://stockx.com/fr-fr/air-jordan-1-retro-high-silver-toe-w 
327,Jordan 11 Retro Playoffs Bred (2019),https://stockx.com/fr-fr/air-jordan-11-retro-playoffs-2019 
328,New Balance 530 Steel Grey,https://stockx.com/fr-fr/new-balance-530-steel-grey 
329,New Balance 327 Moonbeam Classic Burgundy (W),https://stockx.com/fr-fr/new-balance-327-moonbeam-classic-burgundy-w 
330,Hoka One One Tor Ultra Low J.L-A.L_ Dune,https://stockx.com/fr-fr/hoka-one-one-tor-ultra-low-jl-al-dune 
331,Jordan 13 Retro Playoffs (2023) (PS),https://stockx.com/fr-fr/air-jordan-13-retro-playoffs-2023-ps 
332,adidas Yeezy Boost 350 V2 Core Black White (2016/2022),https://stockx.com/fr-fr/adidas-yeezy-boost-350-v2-core-black-white 
333,Nike Dunk Low Team Red (2022),https://stockx.com/fr-fr/nike-dunk-low-team-red 
334,Jordan 1 Low Bulls,https://stockx.com/fr-fr/air-jordan-1-low-bulls 
335,Jordan 1 Mid Reverse Bred (2021),https://stockx.com/fr-fr/air-jordan-1-mid-reverse-bred-2021 
336,Jordan 1 Mid SE Light Iron Ore (W),https://stockx.com/fr-fr/air-jordan-1-mid-se-light-iron-ore-w 
337,Nike Dunk Low Archeo Pink (W),https://stockx.com/fr-fr/nike-dunk-low-archeo-pink-w 
338,Jordan 5 Retro Easter (2022),https://stockx.com/fr-fr/air-jordan-5-retro-regal-pink 
339,Jordan 11 Retro Cherry (2022) (PS),https://stockx.com/fr-fr/air-jordan-11-retro-cherry-2022-ps 
340,Nike Air VaporMax Plus White,https://stockx.com/fr-fr/nike-air-vapormax-plus-white 
341,New Balance 2002R Protection Pack Black Grey,https://stockx.com/fr-fr/new-balance-2002r-protection-pack-black-grey 
342,Nike Dunk Low SE Just Do It White Phantom (W),https://stockx.com/fr-fr/nike-dunk-low-se-just-do-it-white-phantom-w 
343,Nike Dunk Low Racer Blue White,https://stockx.com/fr-fr/nike-dunk-low-racer-blue-white 
344,Nike Dunk Low Union Passport Pack Argon,https://stockx.com/fr-fr/nike-dunk-low-union-argon 
345,Nike Dunk Low Triple White (2021) (W),https://stockx.com/fr-fr/nike-dunk-low-triple-white-2021-w 
346,Nike Dunk Low Next Nature Phantom Gold Suede (W),https://stockx.com/fr-fr/nike-dunk-low-next-nature-light-curry-w 
347,New Balance 2002R Protection Pack Mirage Grey,https://stockx.com/fr-fr/new-balance-2002r-protection-pack-mirage-grey 
348,UGG Tasman II Slipper Chesnut (Kids),https://stockx.com/fr-fr/ugg-tasman-ii-slipper-chesnut-kids 
349,Jordan 4 Retro Black Canvas (GS),https://stockx.com/fr-fr/air-jordan-4-retro-black-canvas-gs 
350,Jordan 11 Retro Cherry (2022) (TD),https://stockx.com/fr-fr/air-jordan-11-retro-cherry-2022-td 
351," Jordan 1 Retro High ""Royal Toe"" ",https://stockx.com/fr-fr/air-jordan-1-retro-high-black-game-royal 
352,Jordan 1 Retro High OG Chicago Lost and Found (TD),https://stockx.com/fr-fr/air-jordan-1-retro-high-og-lost-and-found-td 
353,Nike TC 7900 Sail (W),https://stockx.com/fr-fr/nike-tc-7900-sail-w 
354,Nike Dunk Low Gorge Green,https://stockx.com/fr-fr/nike-dunk-low-gorge-green 
355,Nike Air Force 1 Low '07 LV8 40th Anniversary Sail Malachite,https://stockx.com/fr-fr/nike-air-force-1-low-07-lv8-sail-malachite 
356,Nike Dunk Low Retro PRM Mars Stone,https://stockx.com/fr-fr/nike-dunk-low-retro-prm-mars-stone 
357,Nike Air Force 1 Low College Pack Midnight Navy,https://stockx.com/fr-fr/nike-air-force-1-low-college-pack-midnight-navy 
358,Nike Air Force 1 Low SP Undefeated Multi-Patent Wild Berry,https://stockx.com/fr-fr/nike-air-force-1-low-undefeated-multi-patent-purple-green 
359,Jordan 1 Low SE Wear Away Yellow,https://stockx.com/fr-fr/air-jordan-1-low-se-wear-away-yellow 
360,adidas Yeezy Foam RNNR Sulfur,https://stockx.com/fr-fr/adidas-yeezy-foam-rnnr-sulfur 
361,Jordan 11 Retro Cool Grey (2021) (GS),https://stockx.com/fr-fr/air-jordan-11-retro-cool-grey-2021-gs 
362,Jordan 5 Retro Moonlight (2021),https://stockx.com/fr-fr/air-jordan-5-retro-moonlight-2021 
363,Nike Air Force 1 Mid Off-White Black,https://stockx.com/fr-fr/nike-air-force-1-mid-off-white-black 
364,Nike Dunk Low Disrupt 2 Phantom University Blue (W),https://stockx.com/fr-fr/nike-dunk-low-disrupt-2-malachite-w 
365,Jordan 1 Retro High OG Hand Crafted,https://stockx.com/fr-fr/air-jordan-1-retro-high-og-hand-crafted 
366,Jordan 1 Retro Low OG Mystic Navy,https://stockx.com/fr-fr/air-jordan-1-retro-low-og-mystic-navy 
367,New Balance 2002R Protection Pack Light Arctic Grey Purple,https://stockx.com/fr-fr/new-balance-2002r-protection-pack-light-arctic-grey-purple 
368,Nike Dunk Low SE Fleece Pack Honeydew (W),https://stockx.com/fr-fr/nike-dunk-low-se-fleece-pack-honeydew-w 
369,Nike Hot Step Air Terra Drake NOCTA Black Yellow,https://stockx.com/fr-fr/nike-hot-step-air-terra-drake-nocta-black-university-gold 
370,Nike Air Max Terrascape Plus Black Anthracite,https://stockx.com/fr-fr/nike-air-max-terrascape-plus-black-anthracite 
371,adidas Superstar AEC Sean Wotherspoon Superearth Black,https://stockx.com/fr-fr/adidas-superstar-sean-wotherspoon-superearth-black 
372,Converse Chuck Taylor All-Star 70 Hi Ader Error,https://stockx.com/fr-fr/converse-chuck-taylor-all-star-70-hi-ader-error 
373,adidas adiFOM Superstar White Black,https://stockx.com/fr-fr/adidas-adifom-superstar-white-black 
374,New Balance 9060 Sea Salt White,https://stockx.com/fr-fr/new-balance-9060-sea-salt-white 
375,Nike Air Force 1 Low SP AMBUSH Phantom,https://stockx.com/fr-fr/nike-air-force-1-low-sp-ambush-phantom 
376,Nike Vaporwaffle sacai Black Gum,https://stockx.com/fr-fr/nike-vaporwaffle-sacai-black-gum 
377,Jordan 5 Retro Jade Horizon,https://stockx.com/fr-fr/air-jordan-5-retro-jade-horizon 
378,Jordan 1 Retro High OG Visionaire,https://stockx.com/fr-fr/air-jordan-1-retro-high-og-visionaire 
379,Nike Dunk Low Chenille Swoosh Black Grey,https://stockx.com/fr-fr/nike-dunk-low-chenille-swoosh-black-grey 
380,Jordan 1 Retro High OG Chicago Lost and Found (PS),https://stockx.com/fr-fr/air-jordan-1-retro-high-og-lost-and-found-ps 
381,Nike Air Max 95 Triple Black (2020),https://stockx.com/fr-fr/nike-air-max-95-triple-black-2020 
382,New Balance 327 Sea Salt Black,https://stockx.com/fr-fr/new-balance-327-sea-salt-black 
383,Jordan 1 Retro Low OG SP Travis Scott Black Phantom (PS),https://stockx.com/fr-fr/air-jordan-1-retro-low-og-sp-travis-scott-black-phantom-ps 
384,New Balance 2002R Protection Pack Lunar New Year Dusty Lilac,https://stockx.com/fr-fr/new-balance-2002r-protection-pack-dusty-lilac 
385,New Balance 550 Lunar New Year Sea Salt,https://stockx.com/fr-fr/new-balance-550-lunar-new-year-cream 
386,Nike Air Force 1 Low Premium Goods The Sophia (W),https://stockx.com/fr-fr/nike-air-force-1-low-premium-goods-the-sophia 
387,Puma LaMelo Ball MB.02 Lunar New Year Jade,https://stockx.com/fr-fr/puma-lamelo-ball-mb02-lunar-new-year-jade 
388,Nike KD 15 All-Star,https://stockx.com/fr-fr/nike-kd-15-all-star 
389,Jordan 1 Mid SE Ice Blue (2023),https://stockx.com/fr-fr/air-jordan-1-mid-ice-blue 
390,Jordan 1 Mid Diamond Shorts (GS),https://stockx.com/fr-fr/air-jordan-1-mid-diamond-shorts-gs 
391,Jordan 1 Retro High OG Patent Bred (GS),https://stockx.com/fr-fr/air-jordan-1-retro-high-og-patent-bred-gs 
392,New Balance 550 White Red,https://stockx.com/fr-fr/new-balance-550-white-red 
393,Nike Dunk Low UNC (2021),https://stockx.com/fr-fr/nike-dunk-low-unc-2021 
394,Nike Killshot 2 J Crew Sail Midnight Navy,https://stockx.com/fr-fr/nike-killshot-2-j-crew-sail-midnight-navy 
395,New Balance 550 Aime Leon Dore White Leather,https://stockx.com/fr-fr/new-balance-550-aime-leon-dore-white-leather 
396,Nike Air Max 1 Travis Scott Cactus Jack Wheat Lemon Drop,https://stockx.com/fr-fr/nike-air-max-1-travis-scott-wheat-lemon-drop 
397,New Balance 9060 Rain Cloud Grey,https://stockx.com/fr-fr/new-balance-9060-rain-cloud-grey 
398,Nike Air Force 1 Low Drake NOCTA Certified Lover Boy (Includes Love You Forever Special Edition Book),https://stockx.com/fr-fr/nike-air-force-1-low-drake-nocta-certified-lover-boy-love-you-forever-edition 
399,Jordan 1 Mid Barely Grape (GS),https://stockx.com/fr-fr/air-jordan-1-mid-barely-grape-gs 
400,adidas Campus Bad Bunny Cream,https://stockx.com/fr-fr/adidas-campus-bad-bunny-cream 
401,adidas Gazelle Bold Pulse Mint Pink (W),https://stockx.com/fr-fr/adidas-gazelle-bold-pulse-mint-pink-w 
402,Nike Dunk Low Chlorophyll,https://stockx.com/fr-fr/nike-dunk-low-chlorophyll 
403,adidas Yeezy Foam RNNR Ochre,https://stockx.com/fr-fr/adidas-yeezy-foam-rnnr-ochre 
404,adidas Yeezy Boost 350 V2 Light,https://stockx.com/fr-fr/adidas-yeezy-boost-350-v2-light 
405,adidas Yeezy Boost 350 V2 MX Oat,https://stockx.com/fr-fr/adidas-yeezy-boost-350-v2-mx-oat 
406,Jordan 3 Retro Desert Elephant,https://stockx.com/fr-fr/air-jordan-3-retro-desert-elephant 
407,Jordan 5 Retro Low CLOT Jade,https://stockx.com/fr-fr/air-jordan-5-retro-low-clot-jade 
408,Nike Dunk Low Essential Paisley Pack Orange (W),https://stockx.com/fr-fr/nike-dunk-low-essential-paisley-pack-orange 
409,Jordan 1 Low SE Homage Split White Black (W),https://stockx.com/fr-fr/air-jordan-1-low-se-homage-white-black-w 
410,adidas Yeezy Boost 350 V2 Salt,https://stockx.com/fr-fr/adidas-yeezy-boost-350-v2-salt 
411,Crocs Classic Clog Cinnamon Toast Crunch,https://stockx.com/fr-fr/crocs-classic-clog-cinnamon-toast-crunch 
412,Nike Air Max 1 PRM Dirty Denim,https://stockx.com/fr-fr/nike-air-max-1-prm-mineral-slate 
413,Nike Air Max 2017 Triple Black,https://stockx.com/fr-fr/nike-air-max-2017-triple-black 
414,Jordan 7 Retro Cardinal (2022),https://stockx.com/fr-fr/air-jordan-7-retro-cardinal-2022 
415,Nike Kyrie Flytrap V Wolf Grey,https://stockx.com/fr-fr/nike-kyrie-flytrap-v-wolf-grey 
416,Jordan 15 Retro Billie Eilish (W),https://stockx.com/fr-fr/air-jordan-15-retro-billie-eilish-w 
417,New Balance 9060 Rich Oak Burgundy,https://stockx.com/fr-fr/new-balance-9060-rich-oak-burgundy 
418,Jordan 1 Mid SE Orange Wear Away,https://stockx.com/fr-fr/air-jordan-1-mid-se-orange-wear-away 
419,adidas Yeezy Slide Slate Grey,https://stockx.com/fr-fr/adidas-yeezy-slide-slate-grey 
420,Jordan 4 Retro Lightning (2021) (GS),https://stockx.com/fr-fr/air-jordan-4-retro-lightning-2021-gs 
421,adidas Yeezy Boost 350 V2 Zyon,https://stockx.com/fr-fr/adidas-yeezy-boost-350-v2-zyon 
422,adidas Yeezy 500 Clay Brown,https://stockx.com/fr-fr/adidas-yeezy-500-clay-brown 
423,Jordan 1 Retro High OG Taxi (GS),https://stockx.com/fr-fr/air-jordan-1-retro-high-og-yellow-toe-gs 
424,Jordan 4 Retro Military Black (PS),https://stockx.com/fr-fr/air-jordan-4-retro-military-black-ps 
425,Air Jordan 1 Low Vintage Stealth Grey,https://stockx.com/fr-fr/air-air-jordan-1-low-vintage-grey 
426,Nike LD Waffle sacai Undercover Black Bright Citron,https://stockx.com/fr-fr/nike-ld-waffle-undercover-sacai-bright-citron 
427,adidas Yeezy 350 V2 CMPCT Slate Bone,https://stockx.com/fr-fr/adidas-yeezy-350-v2-cmpct-slate-bone 
428,adidas Yeezy Boost 350 V2 Flax,https://stockx.com/fr-fr/adidas-yeezy-boost-350-v2-flax 
429,Jordan 1 Low Black Dark Powder Blue (W),https://stockx.com/fr-fr/air-jordan-1-low-white-black-dark-powder-blue-w 
430,Air Jordan 1 Mid Tartan Swoosh,https://stockx.com/fr-fr/air-air-jordan-1-mid-tartan-swoosh 
431,Jordan 4 Retro SP 30th Anniversary Union Desert Moss,https://stockx.com/fr-fr/air-jordan-4-retro-sp-30th-anniversary-union-desert-moss 
432,Nike Air Max 90 Recraft Triple White,https://stockx.com/fr-fr/nike-air-max-90-recraft-triple-white 
433,New Balance 550 Vintage Indigo Beige,https://stockx.com/fr-fr/new-balance-550-vintage-indigo-beige 
434,Jordan 7 Retro Black Olive,https://stockx.com/fr-fr/air-jordan-7-retro-black-olive 
435,Nike Air Dunk Jumbo Medium Olive,https://stockx.com/fr-fr/nike-air-dunk-jumbo-medium-olive 
436,ASICS Gel-Lyte III Remastered Ronnie Fieg Super Orange,https://stockx.com/fr-fr/asics-gel-lyte-iii-remastered-ronnie-fieg-super-orange 
437,adidas Yeezy Boost 350 V2 Dazzling Blue,https://stockx.com/fr-fr/adidas-yeezy-boost-350-v2-dazzling-blue 
438,Nike SB Dunk Low Blue Raspberry,https://stockx.com/fr-fr/nike-sb-dunk-low-blue-raspberry 
439,Nike Air Max 1 Crepe Hemp (2022),https://stockx.com/fr-fr/nike-air-max-1-crepe-medium-brown-mint-foam-mushroom-muslin 
440,Jordan 1 Low OG Neutral Grey (2021),https://stockx.com/fr-fr/air-jordan-1-low-og-neutral-grey 
441,Jordan 1 Retro Low Golf Shattered Backboard,https://stockx.com/fr-fr/air-jordan-1-retro-low-golf-shattered-backboard 
442,Nike Dunk Low Disrupt 2 Panda (W),https://stockx.com/fr-fr/nike-dunk-low-disrupt-2-panda-w 
443,Jordan 11 Retro Concord (2018),https://stockx.com/fr-fr/air-jordan-11-retro-concord-2018 
444,Nike LeBron 20 The Debut,https://stockx.com/fr-fr/nike-lebron-20-the-debut 
445,Nike Air Max Plus Black Silver White,https://stockx.com/fr-fr/nike-air-max-plus-black-silver-white 
446,Nike Dunk Low Tartan Plaid,https://stockx.com/fr-fr/nike-dunk-low-tartan-plaid 
447,Nike PG 6 Bred,https://stockx.com/fr-fr/nike-pg-6-bred 
448,New Balance 550 Pink Sand Sea Salt (W),https://stockx.com/fr-fr/new-balance-550-pink-sand-sea-salt-w 
449,New Balance 9060 Ivory Cream Pink Sand,https://stockx.com/fr-fr/new-balance-9060-ivory-cream-pink-sand 
450,New Balance 550 White Black Rain Cloud (GS),https://stockx.com/fr-fr/new-balance-550-white-black-rain-cloud-gs 
451,Jordan 1 Mid SE Light Mulberry (W),https://stockx.com/fr-fr/air-jordan-1-mid-berry-pink-w 
452,Nike Hot Step Air Terra Drake NOCTA Triple Black,https://stockx.com/fr-fr/nike-hot-step-air-terra-drake-nocta-black 
453,Jordan 1 High Element Gore-Tex Light Bone,https://stockx.com/fr-fr/air-jordan-1-high-element-gore-tex-light-bone 
454,Nike Dunk Low Light Smoke Grey (W),https://stockx.com/fr-fr/nike-dunk-low-light-smoke-grey-w 
455,Jordan 1 Low Football Grey Aluminum (W),https://stockx.com/fr-fr/air-jordan-1-low-university-blue-w 
456,Jordan 11 Retro Low Legend Blue,https://stockx.com/fr-fr/air-jordan-11-retro-low-legend-blue 
457," Jordan 1 Retro High ""Court Purple White"" ",https://stockx.com/fr-fr/air-jordan-1-retro-high-court-purple-white 
458,adidas Yeezy 500 Utility Black,https://stockx.com/fr-fr/adidas-yeezy-500-utility-black 
459,Nike Dunk Low Dark Driftwood (W),https://stockx.com/fr-fr/nike-dunk-low-dark-driftwood-w 
460,New Balance 990v3 JJJJound Brown Black,https://stockx.com/fr-fr/new-balance-990v3-jjjjound-brown-black 
461,Jordan 3 Retro Winterized Archaeo Brown,https://stockx.com/fr-fr/jodan-3-retro-winterized-archaeo-brown 
462,Jordan 1 Low SE Smoke Grey Gym Red (GS),https://stockx.com/fr-fr/air-jordan-1-low-se-smoke-grey-gym-red-gs 
463,Nike Air Max 90 Terrascape Crater Foam Black White,https://stockx.com/fr-fr/nike-air-max-90-terrascape-crater-foam-black-white 
464,Jordan 1 Retro Low Golf Copa,https://stockx.com/fr-fr/air-jordan-1-retro-low-golf-copa 
465,Jordan 1 Low Reverse Black Toe (W),https://stockx.com/fr-fr/air-jordan-1-low-reverse-black-toe-w 
466,Jordan 1 Mid SE Ice Blue (W),https://stockx.com/fr-fr/air-jordan-1-mid-se-ice-blue-w 
467,Nike Dunk Low Active Fuchsia (PS),https://stockx.com/fr-fr/nike-dunk-low-active-fuchsia-ps 
468,adidas Gazelle Indoor Blue Fusion Gum (W),https://stockx.com/fr-fr/adidas-gazelle-indoor-blue-fusion-gum-w 
469,Nike Dunk Low Premium Vast Grey,https://stockx.com/fr-fr/nike-dunk-low-premium-vast-grey 
470,Jordan 9 Retro Chile Red,https://stockx.com/fr-fr/air-jordan-9-retro-chile-red 
471,Nike Air Max 90 Terrascape Sail Sea Glass,https://stockx.com/fr-fr/nike-air-max-90-terrascape-sail-sea-glass 
472,Nike Dunk High Championship White Red,https://stockx.com/fr-fr/nike-dunk-high-university-red 
473,Jordan 13 Retro Brave Blue,https://stockx.com/fr-fr/air-jordan-13-retro-brave-blue 
474,Nike Blazer Low Off-White Black Electro Green,https://stockx.com/fr-fr/nike-blazer-low-77-off-white-electro-green 
475,Nike Dunk Low Reverse Panda,https://stockx.com/fr-fr/nike-dunk-low-reverse-panda 
476,Nike Air Force 1 Mid Off-White White,https://stockx.com/fr-fr/nike-air-force-1-mid-off-white-white 
477,Jordan 1 Mid Carbon Fiber All-Star (2021),https://stockx.com/fr-fr/air-jordan-1-mid-carbon-fiber 
478,Jordan 6 Retro Travis Scott British Khaki,https://stockx.com/fr-fr/air-jordan-6-retro-travis-scott-british-khaki 
479,Jordan 1 Mid Triple White (GS),https://stockx.com/fr-fr/air-jordan-1-mid-triple-white-gs 
480,Jordan 1 Mid Triple White (GS),https://stockx.com/fr-fr/air-jordan-1-mid-triple-white-gs 
481,Jordan 1 Low Ice Blue Black (GS),https://stockx.com/fr-fr/air-jordan-1-low-ice-blue-black-gs 
482,Jordan 9 Retro Boot NRG Black Light Gum,https://stockx.com/fr-fr/air-jordan-9-retro-boot-black-gum 
483,Nike Dunk Low SE 85 Double Swoosh Sail Orange (W),https://stockx.com/fr-fr/nike-dunk-low-se-85-double-swoosh-sail-orange-w 
484,Jordan 5 Retro DJ Khaled We The Best Crimson Bliss (GS),https://stockx.com/fr-fr/air-jordan-5-retro-dj-khaled-we-the-best-crimson-bliss-gs 
485,Jordan 1 Retro High OG Gorge Green (GS),https://stockx.com/fr-fr/air-jordan-1-retro-high-og-gorge-green-white-gs 
486,Jordan 1 Low Bordeaux (GS),https://stockx.com/fr-fr/air-jordan-1-low-bordeaux-gs 
487,Nike Air More Uptempo 96 Action Grape,https://stockx.com/fr-fr/nike-air-more-uptempo-action-grape 
488,Jordan 1 Retro Low OG Year of the Rabbit,https://stockx.com/fr-fr/air-jordan-1-retro-low-og-year-of-the-rabbit 
489,Nike Dunk Low Black Panda 2.0,https://stockx.com/fr-fr/nike-dunk-low-black-panda-20 
490,Nike Blazer Low Off-White University Red,https://stockx.com/fr-fr/nike-blazer-low-off-white-university-red 
491,Jordan 1 Retro Low Golf Chicago,https://stockx.com/fr-fr/air-jordan-1-retro-low-golf-chicago 
492,Nike Air Presto Hello Kitty (2022),https://stockx.com/fr-fr/nike-air-presto-hello-kitty-2022 
493,Nike Air Trainer 1 SP Travis Scott Wheat,https://stockx.com/fr-fr/nike-air-trainer-1-sp-travis-scott-wheat 
494,Jordan 4 Retro Fire Red (2020),https://stockx.com/fr-fr/air-jordan-4-retro-fire-red-2020 
495," adidas Yeezy Boost 350 V2 ""Carbon"" ",https://stockx.com/fr-fr/adidas-yeezy-boost-350-v2-carbon 
496,Nike Zoom Cortez SP sacai White University Red Blue,https://stockx.com/fr-fr/nike-cortez-40-sacai-white-university-red-blue 
497,Nike Blazer Low Sacai Black Patent Leather,https://stockx.com/fr-fr/nike-blazer-low-sacai-black-patent 
498," Jordan 1 Retro High ""Black Metallic Gold (2020)"" ",https://stockx.com/fr-fr/air-jordan-1-retro-high-black-metallic-gold-2020 
499,Nike Air Max 1 Patta Waves White,https://stockx.com/fr-fr/nike-air-max-1-patta-waves-white 
500," Jordan 1 Retro High ""Light Smoke Grey"" ",https://stockx.com/fr-fr/air-jordan-1-retro-high-light-smoke-grey 
501,Nike Blazer Mid 77 Jumbo White Black,https://stockx.com/fr-fr/nike-blazer-mid-77-jumbo-white-black 
502,adidas Yeezy Boost 700 V2 Vanta,https://stockx.com/fr-fr/adidas-yeezy-boost-700-v2-vanta 
503,Jordan 2 Retro SP Maison Chateau Rouge,https://stockx.com/fr-fr/air-jordan-2-retro-maison-chateau-rouge 
504,Nike Air Max 270 Triple Black,https://stockx.com/fr-fr/nike-air-max-270-triple-black 
505,Jordan 7 Retro Trophy Room New Sheriff in Town,https://stockx.com/fr-fr/air-jordan-7-retro-trophy-room 
506,Jordan 1 Retro High Satin Snake Chicago (W),https://stockx.com/fr-fr/air-jordan-1-retro-high-satin-snake-chicago-w 
507,Nike PG 6 Hot Wheels,https://stockx.com/fr-fr/nike-pg-6-hot-wheels 
508,Jordan 1 Retro AJKO Billie Eilish Ghost Green (W),https://stockx.com/fr-fr/air-jordan-1-retro-ajko-billie-eilish-ghost-green-w 
509,Jordan 1 Low Reverse Bred (GS),https://stockx.com/fr-fr/air-jordan-1-low-reverse-bred-gs 
510,Jordan 1 Retro High OG SP Travis Scott,https://stockx.com/fr-fr/air-jordan-1-retro-high-travis-scott 
511,New Balance 990v2 Salehe Bembury Sand Be The Time,https://stockx.com/fr-fr/new-balance-990v2-salehe-bembury-sand-be-the-time 
512,New Balance 1906D Protection Pack Black,https://stockx.com/fr-fr/new-balance-1906d-protection-pack-black 
513,New Balance 327 Black Moonbeam (W),https://stockx.com/fr-fr/new-balance-327-black-moonbeam 
514,Nike Air Max Plus Baltic Blue,https://stockx.com/fr-fr/nike-air-max-plus-baltic-blue 
515,Crocs Classic Clog Minecraft Grass Block,https://stockx.com/fr-fr/crocs-classic-clog-minecraft-grass-block 
516,Jordan 1 Mid Armory Navy,https://stockx.com/fr-fr/air-jordan-1-mid-dark-teal 
517,Jordan 3 Retro Muslin,https://stockx.com/fr-fr/air-jordan-3-retro-muslin 
518,Nike SB Dunk Low Philadelphia Phillies,https://stockx.com/fr-fr/nike-sb-dunk-low-valour-blue-team-maroon 
519,Nike Dunk Low PRM Halloween (2021),https://stockx.com/fr-fr/nike-dunk-low-prm-halloween-2021 
520,Jordan 1 Mid Coconut Milk (W),https://stockx.com/fr-fr/air-jordan-1-mid-coconut-milk-w 
521,Jordan 7 Retro Citrus (2022),https://stockx.com/fr-fr/air-jordan-7-retro-citrus-2022 
522,Nike Air Trainer 1 SP Travis Scott Grey Haze,https://stockx.com/fr-fr/nike-air-trainer-1-sp-travis-scott-grey-haze 
523,Jordan 1 Mid Gym Red Black White,https://stockx.com/fr-fr/air-jordan-1-mid-gym-red-black-white 
524,Jordan 1 Mid Light Smoke Grey (GS),https://stockx.com/fr-fr/air-jordan-1-mid-greyscale-gs 
525,Jordan 3 Retro Dark Iris (GS),https://stockx.com/fr-fr/air-jordan-3-retro-dark-iris-gs 
526,Nike Air Max 270 White Black,https://stockx.com/fr-fr/nike-air-max-270-white-black 
527,Crocs Pollex Clog by Salehe Bembury Cobbler,https://stockx.com/fr-fr/crocs-pollex-clog-by-salehe-bembury-orange 
528,UGG Classic Mini II Boot Chestnut (W),https://stockx.com/fr-fr/ugg-classic-mini-ii-boot-chestnut-w 
529,Nike LD Waffle SF sacai Fragment Grey,https://stockx.com/fr-fr/nike-ld-waffle-sf-sacai-fragment-grey 
530,"Timberland 6"" Premium Waterproof Boot Wheat",https://stockx.com/fr-fr/timberland-6-inch-premium-waterproof-wheat 
531,New Balance 550 White Nightwatch Green,https://stockx.com/fr-fr/new-balance-550-white-nightwatch-green 
532,adidas Yeezy 700 V3 Fade Salt,https://stockx.com/fr-fr/adidas-yeezy-700-v3-fade-salt 
533,Nike SB Dunk Low Skate Like a Girl,https://stockx.com/fr-fr/nike-sb-dunk-low-skate-like-a-girl 
534,Nike Kobe 6 Protro Grinch (2020),https://stockx.com/fr-fr/nike-kobe-6-protro-grinch 
535,Jordan 6 Retro Black Infrared (2019),https://stockx.com/fr-fr/air-jordan-6-retro-black-infrared-2019 
536,Jordan 5 Retro Alternate Bel-Air,https://stockx.com/fr-fr/air-jordan-5-retro-alternate-bel-air 
537,Nike Dunk Low SE Teddy Bear Praline,https://stockx.com/fr-fr/nike-dunk-low-se-teddy-bear-parline 
538,Jordan 1 High Zoom Air CMFT 25 Years In China,https://stockx.com/fr-fr/air-jordan-1-high-zoom-air-cmft-25-years-in-china 
539,New Balance 550 White Black Rain Cloud,https://stockx.com/fr-fr/new-balance-550-white-black-rain-cloud 
540,Jordan 1 Low SE Holiday Special (2022),https://stockx.com/fr-fr/air-jordan-1-low-se-holiday-special-2022 
541,Nike Dunk Low Terry Swoosh (W),https://stockx.com/fr-fr/nike-dunk-low-terry-swoosh-w 
542,Nike Dunk Low Safari Golden Moss,https://stockx.com/fr-fr/nike-dunk-low-safari-cacao-wow 
543,New Balance 9060 Black Castlerock Grey,https://stockx.com/fr-fr/new-balance-9060-black-castlerock-grey 
544,Jordan 4 Retro Off-White Sail (W),https://stockx.com/fr-fr/air-jordan-4-retro-off-white-sail-w 
545,Puma LaMelo Ball MB.01 Lo Green Gecko,https://stockx.com/fr-fr/puma-lamelo-ball-mb01-lo-green-gecko 
546,Jordan 5 Retro Dunk on Mars (W),https://stockx.com/fr-fr/air-jordan-5-retro-dunk-on-mars-w 
547,Nike Zoom Vomero 5 Oatmeal (W),https://stockx.com/fr-fr/nike-zoom-vomero-5-oatmeal-w 
548,Air Jordan 1 Low SE Pink Velvet (W),https://stockx.com/fr-fr/air-air-jordan-1-low-se-pink-velvet-w 
549,Nike Zoom Vomero 5 Cobblestone Flat Pewter (W),https://stockx.com/fr-fr/nike-zoom-vomero-5-cobblestone-w 
550,Nike Dunk High LXX Black Flax (W),https://stockx.com/fr-fr/nike-dunk-high-lxx-black-flax-w 
551,Jordan 2 Retro Craft Sunset Haze (W),https://stockx.com/fr-fr/air-jordan-2-retro-craft-muslin-w 
552,Nike Air Max 90 White University Blue (2022),https://stockx.com/fr-fr/nike-air-max-90-white-university-blue-2022 
553,Jordan 1 Mid Shadow Red,https://stockx.com/fr-fr/air-jordan-1-mid-shadow-red 
554,Nike Dunk Low EMB NBA 75th Anniversary Chicago (GS),https://stockx.com/fr-fr/nike-dunk-low-emb-nba-75th-anniversary-chicago-gs 
555,Nike Air Max Correlate Black White Grey,https://stockx.com/fr-fr/nike-air-max-correlate-black-white-grey 
556,adidas Yeezy Boost 350 Turtledove (2022),https://stockx.com/fr-fr/adidas-yeezy-boost-350-turtle-dove-2022 
557,Nike Air Max 1 SH Treeline,https://stockx.com/fr-fr/nike-air-max-1-sh-skunk 
558,adidas Yeezy Boost 350 V2 Sesame,https://stockx.com/fr-fr/adidas-yeezy-boost-350-v2-sesame 
559,adidas Yeezy 450 Utility Black,https://stockx.com/fr-fr/adidas-yeezy-450-utility-black 
560,Nike Air Force 1 Low LE Triple White (GS),https://stockx.com/fr-fr/nike-air-force-1-low-le-triple-white-gs 
561,Nike Dunk Low Jackie Robinson,https://stockx.com/fr-fr/nike-dunk-low-jackie-robinson 
562,Nike Dunk Low Michigan State,https://stockx.com/fr-fr/nike-dunk-low-varsity-green 
563,Nike Dunk Low Triple Pink (PS),https://stockx.com/fr-fr/nike-dunk-low-triple-pink-ps 
564,Jordan 9 Retro Chile Red (GS),https://stockx.com/fr-fr/air-jordan-9-retro-chile-red-gs 
565,Nike LeBron 20 Time Machine,https://stockx.com/fr-fr/nike-lebron-20-time-machine 
566,adidas Adilette 22 Slides Carbon,https://stockx.com/fr-fr/adidas-adilette-22-slides-black 
567,New Balance 550 White Grey (GS),https://stockx.com/fr-fr/new-balance-550-white-grey-gs 
568,Nike Dunk Low Michigan (2021),https://stockx.com/fr-fr/nike-dunk-low-michigan 
569,Jordan 1 Mid Alternate Bred Toe (W),https://stockx.com/fr-fr/air-jordan-1-mid-alternate-bred-toe-w 
570,Jordan 11 Retro Animal Instinct (W),https://stockx.com/fr-fr/air-jordan-11-retro-animal-instinct-w 
571,Common Projects Original Achilles White,https://stockx.com/fr-fr/common-projects-original-achilles-white 
572,Jordan 1 Mid French Blue Fire Red,https://stockx.com/fr-fr/air-jordan-1-mid-french-blue-fire-red 
573,adidas Yeezy Boost 350 V2 Black (Non-Reflective),https://stockx.com/fr-fr/adidas-yeezy-boost-350-v2-black 
574,Jordan 4 Retro Golf Bred,https://stockx.com/fr-fr/air-jordan-4-retro-golf-bred 
575,Jordan 5 Retro Off-White Sail,https://stockx.com/fr-fr/air-jordan-5-retro-off-white-sail 
576,Jordan 4 Retro Black Cat (2020),https://stockx.com/fr-fr/air-jordan-4-retro-black-cat-2020 
577,Nike Zoom Cortez SP sacai Iron Grey,https://stockx.com/fr-fr/nike-cortez-40-sacai-grey 
578,New Balance 990v3 Patta Keep Your Family Close,https://stockx.com/fr-fr/new-balance-990v3-patta-keep-your-family-close 
579,Nike Air Max Plus Black University Blue (2022),https://stockx.com/fr-fr/nike-air-max-plus-black-university-blue-2022 
580,New Balance 1906D Protection Pack Turtledove,https://stockx.com/fr-fr/new-balance-1906d-protection-pack-turtledove 
581,ASICS Gel-Kayano 14 White Pure Silver,https://stockx.com/fr-fr/asics-gel-kayano-14-white-pure-silver 
582,Nike Air Max Penny 1 Black Faded Spruce Anthracite Dark Pony,https://stockx.com/fr-fr/nike-air-max-penny-1-black-faded-spruce-anthracite-dark-pony 
583,Jordan 2 Retro Lucky Green (GS),https://stockx.com/fr-fr/air-jordan-2-retro-lucky-green-gs 
584,New Balance 530 Grey Matter Harbor Grey,https://stockx.com/fr-fr/new-balance-530-grey-matter-harbor-grey 
585,Nike Air More Uptempo 96 Cobalt Bliss,https://stockx.com/fr-fr/nike-air-more-uptempo-96-cobalt-bliss 
586,Nike SB Dunk Low Pro Bart Simpson,https://stockx.com/fr-fr/nike-sb-dunk-low-pro-bart-simpson 
587,Jordan 11 Retro Low Pure Violet (W),https://stockx.com/fr-fr/air-jordan-11-retro-low-pure-violet-w 
588,Jordan 1 Retro Low Golf UNC,https://stockx.com/fr-fr/air-jordan-1-retro-low-golf-unc 
589,Nike SB Dunk Low Pro Paisley Brown,https://stockx.com/fr-fr/nike-sb-dunk-low-pro-paisley-brown 
590,adidas Ultra Boost 4.0 DNA White,https://stockx.com/fr-fr/adidas-ultra-boost-40-dna-white 
591,Jordan 4 Retro Red Thunder (GS),https://stockx.com/fr-fr/air-jordan-4-retro-red-thunder-gs 
592,Nike Dunk Low SE World Champs Black White,https://stockx.com/fr-fr/nike-dunk-low-world-champs-black-white 
593,Jordan 1 Retro High 85 Georgetown,https://stockx.com/fr-fr/air-jordan-1-retro-high-85-georgetown 
594,Jordan 1 Mid SE Zen Master,https://stockx.com/fr-fr/air-jordan-1-mid-se-zen-master 
595,adidas Yeezy Foam RNNR Vermillion,https://stockx.com/fr-fr/adidas-yeezy-foam-rnnr-vermillion 
596,Nike Air Max 1 Premium Blueprint,https://stockx.com/fr-fr/nike-air-max-1-premium-blueprint 
597,Jordan 3 Retro Racer Blue,https://stockx.com/fr-fr/air-jordan-3-retro-racer-blue 
598,Jordan 1 Retro High Element Gore-Tex Black Particle Grey,https://stockx.com/fr-fr/air-jordan-1-retro-high-element-gore-tex 
599,Jordan 1 Mid Triple Black,https://stockx.com/fr-fr/air-jordan-1-mid-triple-black 
600,Jordan 2 Retro SP Union Rattan,https://stockx.com/fr-fr/air-jordan-2-retro-union-rattan 
601,Nike Dunk Low Magma Orange (W),https://stockx.com/fr-fr/nike-dunk-low-magma-orange-w 
602,Jordan 4 Retro Bred (2019),https://stockx.com/fr-fr/air-jordan-4-retro-bred-2019 
603,New Balance 2002R Protection Pack Pink,https://stockx.com/fr-fr/new-balance-2002r-protection-pack-pink 
604,Jordan 1 Mid SE Particle Grey (W),https://stockx.com/fr-fr/air-jordan-1-mid-se-particle-grey-w 
605,Nike Air Max 97 Black White Anthricite,https://stockx.com/fr-fr/nike-air-max-97-black-white-anthricite 
606,Nike Dunk Low Undefeated 5 On It Dunk vs. AF1,https://stockx.com/fr-fr/nike-dunk-low-undefeated-dunk-vs-af1 
607,Nike LeBron 20 Miami Heat,https://stockx.com/fr-fr/nike-lebron-20-miami-heat 
608,adidas Yeezy Boost 350 V2 Cinder,https://stockx.com/fr-fr/adidas-yeezy-boost-350-v2-cinder 
609,New Balance 9060 Sea Salt,https://stockx.com/fr-fr/new-balance-9060-sea-salt 
610,adidas Handball Spezial Black Gum,https://stockx.com/fr-fr/adidas-handball-spezial-black-gum 
611,Nike Air Force 1 Low LXX Vachetta Tan Flax (W),https://stockx.com/fr-fr/nike-air-force-1-low-lxx-vachetta-tan-w 
612,"Nike Air Force 1 Low '07 Feel Free, Let’s Talk",https://stockx.com/fr-fr/nike-air-force-1-low-07-feel-free-lets-talk 
613,Jordan 11 Retro Low IE Light Orewood Brown,https://stockx.com/fr-fr/air-jordan-11-retro-low-ie-light-orewood-brown 
614,Jordan 1 Elevate Low SE Silver Toe (W),https://stockx.com/fr-fr/air-jordan-1-elevate-low-se-silver-toe-w 
615,adidas Samba ADV Black Gum,https://stockx.com/fr-fr/adidas-samba-adv-black-gum 
616,Jordan 1 Low True Blue (GS),https://stockx.com/fr-fr/air-jordan-1-low-true-blue-gs 
617,Nike Dunk Low Judge Grey,https://stockx.com/fr-fr/nike-dunk-low-judge-grey 
618,Jordan 1 Low Shadow Toe (GS),https://stockx.com/fr-fr/air-jordan-1-low-shadow-toe-gs 
619,Nike Air Max 1 SP Concepts Mellow,https://stockx.com/fr-fr/nike-air-max-1-sp-concepts-denim-olive-canvas 
620,Jordan 1 Low Black University Blue White (W),https://stockx.com/fr-fr/air-jordan-1-low-black-university-blue-white-w 
621,Jordan 13 Retro Court Purple,https://stockx.com/fr-fr/air-jordan-13-retro-court-purple 
622,Converse Chuck Taylor All-Star 70 Hi Comme des Garcons PLAY White,https://stockx.com/fr-fr/converse-chuck-taylor-all-star-70s-hi-comme-des-garcons-play-white 
623,Nike Dunk Low Next Nature Lilac (W),https://stockx.com/fr-fr/nike-dunk-low-next-nature-lilac-w 
624,Jordan 1 Retro High OG Seafoam (W),https://stockx.com/fr-fr/air-jordan-1-high-og-seafoam-w 
625,Jordan 1 Low Tie-Dye,https://stockx.com/fr-fr/air-jordan-1-low-tie-dye 
626,Jordan 1 Mid SE Elephant Print,https://stockx.com/fr-fr/air-jordan-1-mid-elephant-print 
627,Nike Air Max 1 Patta Waves Noise Aqua (with Bracelet),https://stockx.com/fr-fr/nike-air-max-1-patta-waves-noise-aqua-with-bracelet 
628,adidas Yeezy Boost 380 Onyx,https://stockx.com/fr-fr/adidas-yeezy-boost-380-onyx 
629,adidas Yeezy Boost 350 V2 Mono Mist,https://stockx.com/fr-fr/adidas-yeezy-boost-350-v2-mono-mist 
630," Jordan 1 Low ""Eastside Golf Out of the Mud"" ",https://stockx.com/fr-fr/air-jordan-1-low-eastside-golf-out-of-the-mud 
631,Nike Air Max 270 White Black (W),https://stockx.com/fr-fr/nike-air-max-270-white-black-w 
632,Jordan 1 Mid Chicago Toe,https://stockx.com/fr-fr/air-jordan-1-mid-chicago-toe 
633,adidas NMD R1 Primeblue Triple Black,https://stockx.com/fr-fr/adidas-nmd-r1-primeblue-triple-black 
634," Jordan 3 Retro ""Black Cement Gold (W)"" ",https://stockx.com/fr-fr/air-jordan-3-retro-black-cement-gold-w 
635,UGG Tazz Slipper Black (W),https://stockx.com/fr-fr/ugg-tazz-slipper-black-w 
636,Jordan 9 Retro Fire Red (GS),https://stockx.com/fr-fr/air-jordan-9-retro-fire-red-gs 
637,adidas Sambarose White Black Gum (W),https://stockx.com/fr-fr/adidas-sambarose-white-black-gum-w 
638,Jordan 1 Mid Cherrywood Red,https://stockx.com/fr-fr/air-jordan-1-mid-team-red 
639,Nike LeBron 20 Stocking Stuffer,https://stockx.com/fr-fr/nike-lebron-20-christmas 
640,Air Max 95 Anatomy of Air GID,https://stockx.com/fr-fr/air-max-95-anatomy-of-air-gid 
641,Nike Dunk High Retro BTTYS TCU,https://stockx.com/fr-fr/nike-dunk-high-psychic-purple 
642,Jordan 1 Low Dark Concord,https://stockx.com/fr-fr/air-jordan-1-low-dark-concord 
643,New Balance 550 UNC White Dusk Blue (W),https://stockx.com/fr-fr/new-balance-550-unc-white-dusk-blue-w 
644,Nike Dunk Low Ocean Bliss Citron Tint (W),https://stockx.com/fr-fr/nike-dunk-low-ocean-bliss-citron-tint 
645,New Balance 9060 Truffle Rich Earth Magnet,https://stockx.com/fr-fr/new-balance-9060-truffle-rich-earth-magnet 
646,Nike KD 15 Olympics Gold Medal,https://stockx.com/fr-fr/nike-kd-15-olympics-gold-medal 
647,Jordan 1 Retro Low Golf Noble Green,https://stockx.com/fr-fr/air-jordan-1-retro-low-golf-noble-green 
648,New Balance 9060 Grey Matter Timberwolf,https://stockx.com/fr-fr/new-balance-9060-grey-matter-timberwolf 
649,Jordan 1 Mid UNC (2022) (W),https://stockx.com/fr-fr/air-jordan-1-mid-unc-2022-w 
650,Nike Dunk Low Chlorophyll (GS),https://stockx.com/fr-fr/nike-dunk-low-chlorophyll-gs 
651,adidas Yeezy Boost 350 V2 Mono Cinder,https://stockx.com/fr-fr/adidas-yeezy-boost-350-v2-mono-cinder 
652,Nike Air Max 90 Terrascape Rattan Black,https://stockx.com/fr-fr/nike-air-max-90-terrascape-rattan-black 
653,Jordan 2 Retro A Ma Maniére Airness,https://stockx.com/fr-fr/air-jordan-2-retro-a-ma-maniere 
654,Nike KD 14 Aunt Pearl,https://stockx.com/fr-fr/nike-kd-14-aunt-pearl 
655,adidas Yeezy Boost 350 V2 Static Black (Reflective),https://stockx.com/fr-fr/adidas-yeezy-boost-350-v2-static-black-reflective 
656,adidas Yeezy Boost 350 V2 Cream,https://stockx.com/fr-fr/adidas-yeezy-boost-350-v2-cream-white 
657,Jordan 1 Mid Barely Rose (W),https://stockx.com/fr-fr/air-jordan-1-mid-barely-rose-w 
658,Nike SB Dunk Low Mummy,https://stockx.com/fr-fr/nike-dunk-sb-low-mummy 
659,Jordan 5 Retro Low PSG (2022),https://stockx.com/fr-fr/air-jordan-5-retro-low-psg-2022 
660,Jordan 1 Retro High Court Purple (W),https://stockx.com/fr-fr/air-jordan-1-retro-high-court-purple-w 
661,New Balance 550 Salt and Pepper,https://stockx.com/fr-fr/new-balance-550-salt-and-papper 
662,Jordan 1 Low OG Bleached Coral (GS),https://stockx.com/fr-fr/air-jordan-1-low-og-bleached-coral-gs 
663,adidas adiFOM Q Off White,https://stockx.com/fr-fr/adidas-adifom-q-off-white 
664,Jordan 1 Low SE New Emerald,https://stockx.com/fr-fr/air-jordan-1-low-se-new-emerald 
665,New Balance 550 Sea Salt Macadamia Nut (W),https://stockx.com/fr-fr/new-balance-550-sea-salt-macadamia-nut-w 
666,Nike PG 6 Black Mint,https://stockx.com/fr-fr/nike-pg-6-black-mint 
667,Nike Kyrie Low 5 Nets,https://stockx.com/fr-fr/nike-kyrie-low-5-nets 
668,Jordan 1 Retro High Tokyo Bio Hack (GS),https://stockx.com/fr-fr/air-jordan-1-retro-high-bio-hack-gs 
669,Nike Dunk High Chocolate,https://stockx.com/fr-fr/nike-dunk-high-chocolate 
670,Nike Air Max 1 PRM Duck Honey Dew,https://stockx.com/fr-fr/nike-air-max-1-prm-duck-anthracite 
671,UGG Classic Ultra Mini Brown Driftwood (W),https://stockx.com/fr-fr/ugg-classic-ultra-mini-brown-driftwood-w 
672,Nike Air Terra Forma Off-White Wheat Green Strike,https://stockx.com/fr-fr/nike-air-terra-forma-off-white-wheat 
673,New Balance 990v6 MiUSA Grey,https://stockx.com/fr-fr/new-balance-990v6-grey 
674,Nike Air Zoom Alphafly Next% Flyknit Hyper Violet,https://stockx.com/fr-fr/nike-air-zoom-alphafly-next-flyknit-hyper-violet 
675,Nike Dunk Low Retro PRM Year of the Rabbit Fossil Stone (2023),https://stockx.com/fr-fr/nike-dunk-low-retro-prm-year-of-the-rabbit-mocha-brown 
676,Nike Air Force 1 Low '07 LV8 Pearl White Sesame,https://stockx.com/fr-fr/nike-air-force-1-low-07-lv8-pearl-white-sesame 
677,Jordan 1 Mid True Blue Cement (GS),https://stockx.com/fr-fr/air-jordan-1-mid-true-blue-cement-gs 
678,Li-Ning Way of Wade 10 Mint,https://stockx.com/fr-fr/li-ning-way-of-wade-10-mint 
679,New Balance 550 White University Blue Grey Toe,https://stockx.com/fr-fr/new-balance-550-white-university-blue-grey-toe 
680,Jordan 2 Retro Low Responsibility,https://stockx.com/fr-fr/air-jordan-2-retro-low-responsibility 
681,Nike Air Max Penny 1 Tiger Stripes Black White,https://stockx.com/fr-fr/nike-air-max-penny-1-tiger-stripes-black-white 
682,Nike Air Dunk Jumbo Mint Foam,https://stockx.com/fr-fr/nike-air-dunk-jumbo-mint-foam 
683,Jordan 1 High Zoom Air CMFT 2 Valentine's Day (2023) (W),https://stockx.com/fr-fr/air-jordan-1-high-zoom-air-cmft-2-valentines-day-2023-w 
684,adidas Yeezy 500 Blush,https://stockx.com/fr-fr/adidas-yeezy-500-blush 
685,Jordan 6 Retro UNC White (GS),https://stockx.com/fr-fr/air-jordan-6-retro-unc-white-gs 
686,Nike Dunk High Pink Prime (W),https://stockx.com/fr-fr/nike-dunk-high-pink-prime-w 
687,Jordan 1 Low Mocha,https://stockx.com/fr-fr/air-jordan-1-low-mocha 
688,Jordan 3 Retro Neapolitan Dark Mocha (W),https://stockx.com/fr-fr/air-jordan-3-retro-atmosphere-mocha-w 
689,adidas Yeezy Slide Glow Green,https://stockx.com/fr-fr/adidas-yeezy-slide-glow-green 
690,Nike Dunk Low Retro Next Nature Sequoia,https://stockx.com/fr-fr/nike-dunk-low-retro-nn-toasty-sequoia 
691,adidas Yeezy Foam RNR MX Carbon,https://stockx.com/fr-fr/adidas-yeezy-foam-rnr-mx-carbon 
692,Nike Dunk Low Golden Gals Metallic Silver (W),https://stockx.com/fr-fr/nike-dunk-low-shimmer-white-metallic-silver-w 
693,Nike Dunk Low Retro Reverse Panda,https://stockx.com/fr-fr/nike-dunk-low-retro-reverse-panda 
694,Jordan 1 Retro Low Golf Triple White,https://stockx.com/fr-fr/air-jordan-1-retro-low-golf-triple-white 
695,Nike SB Dunk High Pro Premium San Francisco Giants,https://stockx.com/fr-fr/nike-sb-dunk-high-san-francisco-giants 
696,adidas Forum Low The Grinch,https://stockx.com/fr-fr/adidas-forum-low-the-grinch 
697,Jordan 1 Low SE Craft Obsidian French Blue Ashen Slate White,https://stockx.com/fr-fr/air-jordan-1-low-se-craft-obsidian-french-blue-ashen-slate-white 
698,Jordan 1 Low Black White Grey (GS),https://stockx.com/fr-fr/air-jordan-1-low-black-white-grey-gs 
699,"Timberland 6"" Boot Black Nubuck Premium",https://stockx.com/fr-fr/timberland-6-black-nubuck 
700," Nike SB Dunk Low ""HUF New York City"" ",https://stockx.com/fr-fr/nike-sb-dunk-low-huf-new-york-city 
701,adidas Ultra Boost 5.0 DNA Triple Black,https://stockx.com/fr-fr/adidas-ultra-boost-50-dna-triple-black 
702,Jordan 11 Retro Space Jam (2016),https://stockx.com/fr-fr/jordan-11-retro-space-jams-2016 
703,Nike Air Force 1 Low '07 LV8 40th Anniversary White Black,https://stockx.com/fr-fr/nike-air-force-1-low-07-lv8-40th-anniversary-white-black 
704,Nike Air Force 1 Low SP Undefeated Multi-Patent Total Orange,https://stockx.com/fr-fr/nike-air-force-1-low-undefeated-multi-patent 
705,Jordan 1 Mid Triple White (2022),https://stockx.com/fr-fr/air-jordan-1-mid-triple-white-2022 
706,Nike SB Dunk Low Sean Cliver,https://stockx.com/fr-fr/nike-sb-dunk-low-sean-cliver 
707,MSCHF Gobstomper Sour Edition,https://stockx.com/fr-fr/mschf-gobstomper-sour-edition 
708,Jordan 1 Mid Triple Black (2022),https://stockx.com/fr-fr/air-jordan-1-mid-triple-black-2022 
709,Nike Air Max Scorpion FK Triple Black,https://stockx.com/fr-fr/nike-air-max-scorpion-fk-triple-black 
710,Jordan 1 Retro Low Golf Black Croc,https://stockx.com/fr-fr/air-jordan-1-retro-low-golf-black-croc 
711,Nike Air Penny 2 Stussy Black,https://stockx.com/fr-fr/nike-air-penny-2-stussy-black 
712,Nike Air Max 97 OG Golden Bullet (2023),https://stockx.com/fr-fr/nike-air-max-97-gold-bullet-2023 
713,New Balance 2002R Lunar New Year Concrete,https://stockx.com/fr-fr/new-balance-2002r-lunar-new-year-grey 
714,Nike Dunk Low Two Tone Grey,https://stockx.com/fr-fr/nike-dunk-low-two-tone-grey 
715,Nike Vaporwaffle sacai Sail Gum,https://stockx.com/fr-fr/nike-vaporwaffle-sacai-sail-gum 
716,Jordan 1 Mid Mystic Navy Mint Foam,https://stockx.com/fr-fr/air-jordan-1-mid-blue-mint 
717,Jordan 3 Retro Pine Green,https://stockx.com/fr-fr/air-jordan-3-retro-pine-green 
718,Nike Dunk Low Harvest Moon (W),https://stockx.com/fr-fr/nike-dunk-low-harvest-moon-w 
719,Nike SB Dunk High Pro froSkate All Love,https://stockx.com/fr-fr/nike-sb-dunk-high-pro-froskate-all-love 
720,Nike Dunk Low 3D Swoosh,https://stockx.com/fr-fr/nike-dunk-low-3d-swoosh 
721,Nike Dunk Low Essential Paisley Pack Worn Blue (W),https://stockx.com/fr-fr/nike-dunk-low-blue-paisley-w 
722,Crocs Pollex Clog by Salehe Bembury Urchin,https://stockx.com/fr-fr/crocs-pollex-clog-by-salehe-bembury-urchin 
723,adidas Yeezy Boost 350 V2 Sand Taupe,https://stockx.com/fr-fr/adidas-yeezy-boost-350-v2-sand-taupe 
724,Jordan 1 Mid SE Zen Master (GS),https://stockx.com/fr-fr/air-jordan-1-mid-se-zen-master-gs 
725,Nike Air Max 97 Triple Black,https://stockx.com/fr-fr/nike-air-max-97-triple-black 
726,Jordan 13 Retro Gym Red Flint Grey,https://stockx.com/fr-fr/air-jordan-13-retro-gym-red-flint-grey 
727,New Balance 990v5 Grey (GS),https://stockx.com/fr-fr/new-balance-990-v5-grey-gs 
728,Jordan 1 Mid Green Python (W),https://stockx.com/fr-fr/air-jordan-1-mid-green-python-w 
729,Jordan 1 Retro High NC to Chi Leather (W),https://stockx.com/fr-fr/air-jordan-1-retro-high-unc-chicago-leather-w 
730,Jordan 1 Mid SE Sanddrift (W),https://stockx.com/fr-fr/air-jordan-1-mid-sanddrift-w 
731,Nike Air Max 95 Dark Beetroot,https://stockx.com/fr-fr/nike-air-max-95-dark-beetroot 
732,Jordan 1 Retro High Light Army Rust Shadow Patina,https://stockx.com/fr-fr/air-jordan-1-retro-high-light-army 
733,Nike Dunk Low Velvet Teal (W),https://stockx.com/fr-fr/nike-dunk-low-green-velvet-w 
734,Nike Air Max 1 CLOT Kiss of Death (2021),https://stockx.com/fr-fr/nike-air-max-1-clot-kiss-of-death-2021 
735,Nike Dunk Low Black White (2022) (GS),https://stockx.com/fr-fr/nike-dunk-low-black-white-2022-gs 
736,Jordan 2 Retro Low Two 18,https://stockx.com/fr-fr/air-jordan-2-retro-low-two-18 
737,Jordan 4 Retro Midnight Navy (PS),https://stockx.com/fr-fr/air-jordan-4-retro-midnight-navy-ps 
738,Jordan 1 Low SE Dark Beetroot Roma Green (GS),https://stockx.com/fr-fr/air-jordan-1-low-se-dark-beetroot-roma-green-gs 
739,Nike Blazer Mid 77 Vintage Black Sail,https://stockx.com/fr-fr/nike-blazer-mid-77-vintage-black-sail 
740,New Balance 9060 Bodega Age of Discovery,https://stockx.com/fr-fr/new-balance-9060-bodega-age-of-discovery 
741,New Balance 990v3 Grey (2019/2021),https://stockx.com/fr-fr/new-balance-990v3-grey-2019 
742,Nike Air Max BW OG Persian Violet (2021),https://stockx.com/fr-fr/nike-air-max-bw-persian-violet-2021 
743,Nike Air Force 1 Low Billie Eilish Sequoia,https://stockx.com/fr-fr/nike-air-force-1-low-billie-eilish-sequoia 
744,Nike Air Max 90 Phantom Coconut Milk,https://stockx.com/fr-fr/nike-air-max-90-phantom-coconut-milk 
745,Nike Air VaporMax Plus Black Metallic Gold,https://stockx.com/fr-fr/nike-air-vapormax-plus-black-metallic-gold 
746,Converse TURBOWPN Mid Rick Owens DRKSHDW Black Cloud Cream,https://stockx.com/fr-fr/converse-turbowpn-mid-rick-owens-drkshdw-black-white 
747,Air Jordan 1 Mid SE Craft Taupe Haze,https://stockx.com/fr-fr/air-air-jordan-1-mid-se-craft-taupe-haze 
748,Nike Kyrie Flytrap 4 White Purple Pulse,https://stockx.com/fr-fr/nike-kyrie-flytrap-4-white-purple-pulse 
749,Nike Air Max 95 Black Earth Sequoia Cargo Khaki,https://stockx.com/fr-fr/nike-air-max-95-black-earth-sequoia-cargo-khaki 
750,Nike React Pegasus Trail 4 Sanddrift Coconut Milk (W),https://stockx.com/fr-fr/nike-react-pegasus-trail-4-sanddrift-coconut-milk-w 
751,Nike Dunk Low Black White (2022),https://stockx.com/fr-fr/nike-dunk-low-black-white-2022 
752,Jordan 12 Retro Royalty Taxi,https://stockx.com/fr-fr/air-jordan-12-retro-royalty-taxi 
753,Jordan 6 Retro Red Oreo,https://stockx.com/fr-fr/air-jordan-6-retro-red-oreo 
754," Jordan 6 Retro ""Carmine (2021)"" ",https://stockx.com/fr-fr/air-jordan-6-retro-carmine-2020 
755,Jordan 1 Low SE True Blue,https://stockx.com/fr-fr/air-jordan-1-low-se-true-blue 
756,Nike Dunk Low Next Nature Homer Simpson (GS),https://stockx.com/fr-fr/nike-dunk-low-next-nature-home-simpson-gs 
757,Nike SB Dunk High New York Mets,https://stockx.com/fr-fr/nike-sb-dunk-high-new-york-mets 
758,Jordan 1 Low Cardinal Red,https://stockx.com/fr-fr/air-jordan-1-low-cardinal-red 
759,Nike Dunk High Australia,https://stockx.com/fr-fr/nike-dunk-high-australia 
760,Jordan 5 Retro Green Bean (2022) (GS),https://stockx.com/fr-fr/air-jordan-5-retro-green-bean-2022-gs 
761,Nike Air Force 1 Mid White '07,https://stockx.com/fr-fr/nike-air-force-1-mid-white-07 
762,Jordan 1 Mid Washed Teal (W),https://stockx.com/fr-fr/air-jordan-1-mid-island-green-w 
763,Jordan 1 Retro High Pine Green Black,https://stockx.com/fr-fr/air-jordan-1-retro-high-pine-green-black 
764,Jordan 3 Retro Cool Grey (2021),https://stockx.com/fr-fr/air-jordan-3-retro-cool-grey-2021 
765,Jordan 1 Mid Metallic Gold Black White,https://stockx.com/fr-fr/air-jordan-1-mid-metallic-gold-black-white 
766,Nike Air Max 1 Patta Waves Rush Maroon (with Bracelet),https://stockx.com/fr-fr/nike-air-max-1-patta-waves-rush-maroon-with-bracelet 
767,Nike Dunk Low NH Cacao Wow,https://stockx.com/fr-fr/nike-dunk-low-nh-cacao-wow 
768,Jordan 3 Retro Georgetown (2021),https://stockx.com/fr-fr/air-jordan-3-retro-georgetown-2021 
769,Nike Air More Uptempo 96 Volt,https://stockx.com/fr-fr/nike-air-more-uptempo-96-volt 
770,Jordan 1 Retro High Shattered Backboard 3.0,https://stockx.com/fr-fr/air-jordan-1-retro-high-shattered-backboard-3 
771,Alexander McQueen Oversized Ivory Black,https://stockx.com/fr-fr/alexander-mcqueen-oversized-ivory-black 
772,Nike Dunk High AMBUSH Flash Lime,https://stockx.com/fr-fr/nike-dunk-high-ambush-flash-lime 
773,UGG Classic Ultra Mini Black (W),https://stockx.com/fr-fr/ugg-classic-ultra-mini-black-w 
774,Nike Air Max 90 Iron Grey,https://stockx.com/fr-fr/nike-air-max-90-iron-grey 
775,Nike Kyrie Infinity Mother Nature & Father Time,https://stockx.com/fr-fr/nike-kyrie-8-infinity-mother-nature-father-time 
776,New Balance 993 MiUSA Grey,https://stockx.com/fr-fr/new-balance-993-miu-grey 
777,Jordan 3 Retro Black Cement (2018),https://stockx.com/fr-fr/air-jordan-3-retro-black-cement-2018 
778,New Balance 2002R Off White,https://stockx.com/fr-fr/new-balance-2002r-off-white 
779,Nike Dunk Low Retro Fleece Swoosh Worn Blue,https://stockx.com/fr-fr/nike-dunk-low-retro-fleece-swoosh-worn-blue 
780,adidas Ultra Boost DNA 5.0 Cloud White Black Sole,https://stockx.com/fr-fr/adidas-ultra-boost-dna-50-cloud-white-black-sole 
781,New Balance 327 Black White Gum (W),https://stockx.com/fr-fr/new-balance-327-black-white-gum-w 
782,Jordan 1 Mid SE French Blue Light Steel (GS),https://stockx.com/fr-fr/air-jordan-1-mid-se-french-blue-light-steel-gs 
783,Nike Vaporwaffle sacai Sesame Blue Void,https://stockx.com/fr-fr/nike-vaporwaffle-sacai-tan-navy 
784,UGG Tasman II Slipper Black (Kids),https://stockx.com/fr-fr/ugg-tasman-ii-slipper-black-kids 
785,Jordan 1 Retro High White Black Volt University Gold (GS),https://stockx.com/fr-fr/air-jordan-1-retro-high-white-black-volt-university-gold-gs 
786,Nike Air Terra Forma Off-White Summit White Psychic Purple,https://stockx.com/fr-fr/nike-air-terra-forma-off-white-white 
787,Jordan 1 Mid Ice Blue (2022) (PS),https://stockx.com/fr-fr/air-jordan-1-mid-ice-blue-ps 
788,New Balance 990v3 MiUSA Teddy Santis Raw Amethyst,https://stockx.com/fr-fr/new-balance-990v3-miusa-teddy-santis-raw-amethyst 
789,Jordan 12 Retro Black Taxi (GS),https://stockx.com/fr-fr/air-jordan-12-retro-black-taxi-gs 
790,New Balance 550 White Gum,https://stockx.com/fr-fr/new-balance-550-white-gum 
791,Nike Air Max 270 Bred (2022),https://stockx.com/fr-fr/nike-air-max-270-bred-2022 
792,Jordan 36 Low Flipped Infrared,https://stockx.com/fr-fr/air-jordan-36-flipped-infrared-23 
793,Nike Air Max Penny 1 Rattan,https://stockx.com/fr-fr/nike-air-max-penny-1-rattan 
794,New Balance 327 Sea Salt Golden Hour Gum (W),https://stockx.com/fr-fr/new-balance-327-sea-salt-golden-hour-gum-w 
795,New Balance 530 Beige Angora,https://stockx.com/fr-fr/new-balance-530-beige-angora 
796,Nike Air Force 1 Low React Black White,https://stockx.com/fr-fr/nike-air-force-1-low-react-black-white 
797,Jordan Nu Retro 1 Low Varsity Red Black,https://stockx.com/fr-fr/air-jordan-nu-retro-1-low-varsity-red-black 
798,New Balance 9060 Nightwatch,https://stockx.com/fr-fr/new-balance-9060-nightwatch 
799,Nike Dunk Low LX Pink Foam (W),https://stockx.com/fr-fr/nike-dunk-low-lx-pink-foam-w 
800,adidas adiFOM Superstar Black White,https://stockx.com/fr-fr/adidas-adifom-superstar-black-white 
801,Nike Dunk Low Retro PRM Year of the Rabbit Light Crimson (2023),https://stockx.com/fr-fr/nike-dunk-low-retro-prm-year-of-the-rabbit-brown-orange 
802,New Balance 990v3 MiUSA YCMC,https://stockx.com/fr-fr/new-balance-990v3-miusa-ycmc 
803,Jordan 1 Retro Low Golf Midnight Navy,https://stockx.com/fr-fr/air-jordan-1-retro-low-golf-midnight-navy 
804,Nike Air Zoom Alphafly Next% 2 Ekiden Scream Green,https://stockx.com/fr-fr/nike-air-zoom-alphafly-next-2-ekiden-scream-green 
805,adidas Ozmorphis Mr. Bailey Core Black,https://stockx.com/fr-fr/adidas-ozmorphis-mr-bailey-core-black 
806,MSCHF Super Normal 2 Common White,https://stockx.com/fr-fr/mschf-super-normal-2-common-white 
807,Jordan 5 Retro Aqua (PS),https://stockx.com/fr-fr/air-jordan-5-retro-aqua-ps 
808,Nike Air Max Terrascape 90 White Grey,https://stockx.com/fr-fr/nike-air-max-terrascape-90-white-grey 
809,Nike Air Force 1 Low Valentine's Day (2023) (GS),https://stockx.com/fr-fr/nike-air-force-1-low-valentines-day-2023-gs 
810,Jordan 1 Mid Sonics (2021),https://stockx.com/fr-fr/air-jordan-1-mid-sonics-2021 
811,Nike Dunk Low Next Nature Sun Club Arctic Orange,https://stockx.com/fr-fr/nike-dunk-low-sun-club 
812,Jordan 1 Mid SE Coconut Milk Particle Grey,https://stockx.com/fr-fr/air-jordan-1-mid-se-coconut-milk-particle-grey 
813,Jordan 1 Mid Light Smoke Grey (W),https://stockx.com/fr-fr/air-jordan-1-mid-light-smoke-grey-w 
814,Nike Air Humara LX Jacquemus Light Bone Gold (W),https://stockx.com/fr-fr/nike-air-humara-lx-jacquemus-beige-w 
815,Jordan 1 Low Green Toe,https://stockx.com/fr-fr/air-jordan-1-low-green-toe 
816,Nike Kobe 6 Protro Mambacita Sweet 16,https://stockx.com/fr-fr/nike-kobe-6-protro-mamba-forever 
817,Nike Dunk Low Snakeskin Washed Teal Bleached Coral,https://stockx.com/fr-fr/nike-dunk-low-snakeskin-washed-teal-bleached-coral 
818,Nike Air Max 1 Kasina Won-Ang Grey,https://stockx.com/fr-fr/nike-air-max-1-kasina-won-ang-grey 
819,Jordan 1 Retro High Electro Orange,https://stockx.com/fr-fr/air-jordan-1-retro-high-electro-orange 
820,adidas Yeezy Boost 350 V2 Ash Pearl,https://stockx.com/fr-fr/adidas-yeezy-boost-350-v2-ash-pearl-2021 
821,Air Jordan 1 Low Vintage Grey (GS),https://stockx.com/fr-fr/air-air-jordan-1-low-vintage-grey-gs 
822,Jordan 1 Low Black Grey Pink,https://stockx.com/fr-fr/air-jordan-1-low-black-grey-pink 
823,Nike LD Waffle sacai CLOT Kiss of Death 2 Cool Grey,https://stockx.com/fr-fr/nike-ld-waffle-clot-sacai-grey-navy 
824,Nike Blazer Mid 77 Vintage Summit White Pink (W),https://stockx.com/fr-fr/nike-blazer-mid-77-vintage-summit-white-pink-w 
825,UGG Tasman Slipper Goat (W),https://stockx.com/fr-fr/ugg-tasman-slipper-goat 
826,Jordan 1 Low Bulls (GS),https://stockx.com/fr-fr/air-jordan-1-low-bulls-gs 
827,Air Jordan 1 Mid Black Fire Red (GS),https://stockx.com/fr-fr/air-air-jordan-1-mid-black-fire-red-gs 
828,Jordan 1 Mid SE Rush Orange Crimson Bliss (W),https://stockx.com/fr-fr/air-jordan-1-mid-orange-black-w 
829,Nike Dunk High PRM Somos Familia,https://stockx.com/fr-fr/nike-dunk-high-prm-somos-familia 
830,adidas Yeezy Boost 700 MNVN Resin,https://stockx.com/fr-fr/adidas-yeezy-boost-700-mnvn-resin 
831,Nike Air Max 95 NH Ironstone,https://stockx.com/fr-fr/nike-air-max-95-nh-ironstone-celery 
832,Nike Air Max 90 Terrascape Obsidian,https://stockx.com/fr-fr/nike-air-max-90-terrascape-obsidian 
833,Jordan 1 Mid Arctic Orange Black Toe (GS),https://stockx.com/fr-fr/air-jordan-1-mid-crimson-tint-toe-gs 
834,Nike Dunk Low Coast (W),https://stockx.com/fr-fr/nike-dunk-low-coast 
835,adidas Samba Classic Black White Dark Gum,https://stockx.com/fr-fr/adidas-samba-classic-black-white-dark-gum 
836,Jordan 1 Low Hemp White,https://stockx.com/fr-fr/air-jordan-1-low-hemp-white 
837,Jordan 1 Low Light Smoke Grey,https://stockx.com/fr-fr/air-jordan-1-low-light-smoke-grey 
838,Nike Dunk High Fossil Stone (W),https://stockx.com/fr-fr/nike-dunk-high-fossil-stone-w 
839,Nike Air Force 1 Low SP Undefeated Multi-Patent Pink Prime,https://stockx.com/fr-fr/nike-air-force-1-low-sp-undefeated-multi-patent-pink-prime 
840,adidas Yeezy Boost 700 V2 Cream,https://stockx.com/fr-fr/adidas-yeezy-boost-700-v2-cream 
841,Jordan 1 Retro Low OG SP Travis Scott Black Phantom (TD),https://stockx.com/fr-fr/air-jordan-1-retro-low-og-sp-travis-scott-black-phantom-td 
842,Nike Air Max 97 Muslin Pink Foam,https://stockx.com/fr-fr/nike-air-max-97-muslin-pink-foam 
843,New Balance 550 White Rain Cloud (W),https://stockx.com/fr-fr/new-balance-550-white-rain-cloud-w 
844,Nike SB Dunk Low Pro Be True Xavier Schipani,https://stockx.com/fr-fr/nike-sb-dunk-low-pro-be-true-xavier-schipani 
845,Nike ZoomX Invincible Run Flyknit 2 Black White,https://stockx.com/fr-fr/nike-zoomx-invincible-run-flyknit-2-black-white 
846,Nike Dunk Low Oxidized,https://stockx.com/fr-fr/nike-dunk-low-oxidized 
847,adidas Superstar Core Black Cloud White Gold,https://stockx.com/fr-fr/adidas-superstar-core-black-cloud-white-gold 
848,Jordan 11 CMFT Low Bred,https://stockx.com/fr-fr/air-jordan-11-cmft-low-bred 
849,Nike Air Force 1 Low Multi-Swoosh Black Orange,https://stockx.com/fr-fr/nike-air-force-1-low-multi-swoosh-black-orange 
850,UGG Classic Ultra Mini Platform Driftwood (W),https://stockx.com/fr-fr/ugg-classic-ultra-mini-platform-driftwood-w 
851,Nike Air Max Scorpion FK Lemon Wash,https://stockx.com/fr-fr/nike-air-max-scorpion-phantom-black-light-cream-lemon-wash 
852,Nike Dunk High Retro Reverse Goldenrod,https://stockx.com/fr-fr/nike-dunk-high-reverse-goldenrod 
853,Jordan 1 Zoom CMFT Black Light Smoke Grey,https://stockx.com/fr-fr/air-jordan-1-zoom-cmft-black-light-smoke-grey 
854,Jordan 12 Retro Low Golf Playoff,https://stockx.com/fr-fr/air-jordan-12-low-golf-playoff 
855,Jordan 2 Retro OG Chicago (2022) (GS),https://stockx.com/fr-fr/air-jordan-2-chicago-2022-gs 
856,Jordan 9 Retro Light Olive Concord,https://stockx.com/fr-fr/air-jordan-9-retro-olive-concord 
857,Nike Dunk Low Multiple Swooshes White Washed Teal (W),https://stockx.com/fr-fr/nike-dunk-low-multiple-swooshes-white-washed-teal-w 
858,adidas Ultra 4DFWD Core Black,https://stockx.com/fr-fr/adidas-ultra-4dfwd-core-black 
859,Nike LeBron 20 Olive Green,https://stockx.com/fr-fr/nike-lebron-20-olive-green 
860,Nike Dunk Low Retro PRM Year of the Rabbit Blue Orange Cream,https://stockx.com/fr-fr/nike-dunk-low-retro-prm-year-of-the-rabbit-blue-orange-cream 
861,Jordan 13 Retro Playoffs (2023) (TD),https://stockx.com/fr-fr/air-jordan-13-retro-playoffs-2023-td 
862,Jordan 3 Retro Cardinal (GS),https://stockx.com/fr-fr/air-jordan-3-retro-cardinal-gs 
863,Nike Dunk Low Championship Goldenrod (2021),https://stockx.com/fr-fr/nike-dunk-low-goldenrod 
864,Nike Dunk Low Cider,https://stockx.com/fr-fr/nike-dunk-low-prm-cider 
865,adidas Yeezy Boost 700 MNVN Geode,https://stockx.com/fr-fr/adidas-yeezy-boost-700-mnvn-geode 
866,Jordan 1 Low SE Light Smoke Grey Gym Red,https://stockx.com/fr-fr/air-jordan-1-low-light-smoke-grey-gym-red 
867,Nike Dunk Low Next Nature White Gym Red (W),https://stockx.com/fr-fr/nike-dunk-low-next-nature-white-gym-red-w 
868,Jordan 1 Retro High OG Prototype ,https://stockx.com/fr-fr/air-jordan-1-high-og-prototype 
869,Nike Hot Step Air Terra Drake NOCTA White,https://stockx.com/fr-fr/nike-hot-step-air-terra-drake-nocta 
870,Nike Air Force 1 Low Flax (2019/2022),https://stockx.com/fr-fr/nike-air-force-1-low-flax-2019 
871,Nike Go FlyEase Black Gum,https://stockx.com/fr-fr/nike-go-flyease-black-gum 
872,Nike Air Max 270 Black White,https://stockx.com/fr-fr/nike-air-max-270-black-white 
873,Nike Air Max 1 Light Madder Root Worn Blue,https://stockx.com/fr-fr/nike-air-max-1-light-madder-root 
874,Jordan 6 Retro Bordeaux,https://stockx.com/fr-fr/air-jordan-6-retro-bordeaux 
875,Nike Air Force 1 Shadow Triple White (W),https://stockx.com/fr-fr/nike-air-force-1-shadow-triple-white-w 
876,adidas Yeezy 700 V3 Copper Fade,https://stockx.com/fr-fr/adidas-yeezy-700-v3-copper-fade 
877,Nike Air Trainer 1 Utility SP Light Smoke Grey Honeydew Particle Grey,https://stockx.com/fr-fr/nike-air-trainer-1-utility-sp-light-smoke-grey-honeydew-particle-grey 
878,Nike Dunk Low SE Jackpot (GS),https://stockx.com/fr-fr/nike-dunk-low-se-jackpot-gs 
879,Jordan 3 Retro Patchwork Camo,https://stockx.com/fr-fr/air-jordan-3-retro-multi-camo 
880,Nike LeBron 9 Big Bang (2022),https://stockx.com/fr-fr/nike-lebron-9-big-bang-2022 
881,Jordan 1 Retro AJKO Rush Orange,https://stockx.com/fr-fr/air-jordan-1-retro-ajko-syracuse 
882,New Balance 2002R Protection Pack Sea Salt,https://stockx.com/fr-fr/new-balance-m2002-protection-pack-sea-salt 
883,Nike SB Dunk High FAUST Black Gold,https://stockx.com/fr-fr/nike-sb-dunk-high-faust-black-gold 
884,Nike Air Force 1 Mid Stussy Black White,https://stockx.com/fr-fr/nike-air-force-1-mid-stussy-black-white 
885,adidas Yeezy Boost 350 V2 Desert Sage,https://stockx.com/fr-fr/adidas-yeezy-boost-350-v2-desert-sage 
886,Nike Dunk Low Blueberry (GS),https://stockx.com/fr-fr/nike-dunk-low-blueberry-gs 
887,Jordan 12 Retro Hyper Royal (W),https://stockx.com/fr-fr/air-jordan-12-retro-hyper-royal-w 
888,Nike Air Force 1 Mid '07 Triple Black (2021),https://stockx.com/fr-fr/nike-air-force-1-mid-07-triple-black-2021 
889,Converse Chuck Taylor All-Star 70 Hi Comme des Garcons PLAY Blue,https://stockx.com/fr-fr/converse-chuck-taylor-all-star-70s-hi-comme-des-garcons-play-blue 
890,Jordan 4 Retro Union Guava Ice,https://stockx.com/fr-fr/air-jordan-4-retro-union-guava-ice 
891,Jordan 1 Mid Olive Toe (W),https://stockx.com/fr-fr/air-jordan-1-mid-olive-toe-w 
892,Nike Air Force 1 Mid QS Chocolate,https://stockx.com/fr-fr/nike-air-force-1-mid-qs-chocolate 
893,adidas Ultra Boost 1.0 Cream Chalk (2018/2022),https://stockx.com/fr-fr/adidas-ultra-boost-1pt0-cream-white 
894,Jordan 1 Retro High 85 Neutral Grey,https://stockx.com/fr-fr/air-jordan-1-retro-high-85-neutral-grey 
895,Puma LaMelo Ball MB.01 Lo Black White,https://stockx.com/fr-fr/puma-lamelo-ball-mb01-lo-black-white 
896,Nike PG 6 Black Peach Cream Celestine Blue,https://stockx.com/fr-fr/nike-pg-6-black-peach-cream-celestine-blue 
897,Jordan 12 Retro Low Golf French Blue,https://stockx.com/fr-fr/air-jordan-12-retro-low-golf-french-blue 
898,Jordan 1 Mid SE Split Beach Cherrywood Red (W),https://stockx.com/fr-fr/air-jordan-1-mid-split-beach-cherrywood-red-w 
899,Nike Air Force 1 Low Roman Empire Dark Beetroot (W),https://stockx.com/fr-fr/nike-air-force-1-low-roman-empire-dark-beetroot-w 
900,Nike SB Dunk High Pawnshop Skate Co. Old Soul,https://stockx.com/fr-fr/nike-sb-dunk-high-pawnshop-skate-co 
901,Puma LaMelo Ball MB.02 Rookie Of The Year,https://stockx.com/fr-fr/puma-lamelo-ball-mb02-rookie-of-the-year 
902,Nike Air Zoom Flight 95 White Photo Blue,https://stockx.com/fr-fr/nike-air-zoom-flight-95-white-photo-blue 
903,Jordan 1 Elevate Low Coconut Milk (W),https://stockx.com/fr-fr/air-jordan-1-elevate-low-coconut-milk-w 
904,adidas Yeezy Boost 700 V2 Tephra,https://stockx.com/fr-fr/adidas-yeezy-boost-700-v2-tephra 
905,Birkenstock Boston Soft Footbed Suede Taupe (Narrow Fit),https://stockx.com/fr-fr/birkenstock-boston-soft-footbed-suede-taupe-narrow-fit 
906,Jordan 1 Low SE Gold Toe (GS),https://stockx.com/fr-fr/air-jordan-1-low-se-gold-toe-gs 
907,Jordan 1 Retro High Golf Patent Midnight Navy,https://stockx.com/fr-fr/air-jordan-1-retro-high-golf-patent-midnight-navy 
908,Nike Air Max Plus Spirograph,https://stockx.com/fr-fr/nike-air-max-plus-spirograph 
909,Nike Air Max 90 Gore-Tex Photodust,https://stockx.com/fr-fr/nike-air-max-90-gore-tex-photodust 
910,Puma MB.01 LaMelo Ball Iridescent Dreams (GS),https://stockx.com/fr-fr/puma-mb01-lamelo-ball-iridescent-dreams-gs 
911,New Balance 9060 Lunar New Year Timberwolf Grey,https://stockx.com/fr-fr/new-balance-9060-lunar-new-year-grey 
912,Li-Ning Way of Wade 10 Lavender,https://stockx.com/fr-fr/li-ning-way-of-wade-10-lavender 
913,Nike Air Max 90 Triple White (2022) (W),https://stockx.com/fr-fr/nike-air-max-90-triple-white-2022-w 
914,Nike KD 15 B.A.D.,https://stockx.com/fr-fr/nike-kd-15-bad 
915,Nike Zoom Freak 4 Birthstone,https://stockx.com/fr-fr/nike-zoom-freak-4-birthstone 
916,Jordan 13 Retro Playoffs (2011),https://stockx.com/fr-fr/jordan-13-retro-playoffs-2011 
917,Nike Spark Phantom Dark Smoke Grey (W),https://stockx.com/fr-fr/nike-spark-phantom-dark-smoke-grey-w 
918,Jordan 6 Rings Black Gym Red,https://stockx.com/fr-fr/air-jordan-6-rings-black-gym-red 
919,Nike Cortez '23 White Black Light Photo Blue,https://stockx.com/fr-fr/nike-cortez-white-black-light-photo-blue 
920,Jordan 1 Retro High 85 Black White (2023) (TD),https://stockx.com/fr-fr/baby-air-jordan-85-black-white-td 
921,Nike Dunk Low Midas Gold,https://stockx.com/fr-fr/nike-dunk-low-midas-gold 
922,Jordan 1 Low Marina Blue (W),https://stockx.com/fr-fr/air-jordan-1-low-marina-blue-w 
923,Jordan 12 Retro Playoffs (2022) (GS),https://stockx.com/fr-fr/air-jordan-12-retro-playoffs-2022-gs 
924,Jordan 1 Retro High OG Bleached Coral (GS),https://stockx.com/fr-fr/air-jordan-1-retro-high-stage-haze-gs 
925,Jordan 4 Retro Blank Canvas (W),https://stockx.com/fr-fr/air-jordan-4-retro-blank-canvas-w 
926,Jordan 1 Mid Banned (2020),https://stockx.com/fr-fr/air-jordan-1-mid-banned-2020 
927,adidas Yeezy 500 Granite,https://stockx.com/fr-fr/adidas-yeezy-500-granite 
928,Nike Dunk Low Easter 2022 (W),https://stockx.com/fr-fr/nike-dunk-low-easter-2022-w 
929,Jordan 1 Mid Armory Navy (GS),https://stockx.com/fr-fr/air-jordan-1-mid-dark-teal-gs 
930,Nike Dunk Low EMB NBA 75th Anniversary Brooklyn Nets,https://stockx.com/fr-fr/nike-dunk-low-brooklyn-nets-nba-75th-anniversary 
931,Nike Air Force 1 Mid Stussy Fossil,https://stockx.com/fr-fr/nike-air-force-1-mid-stussy-fossil 
932,New Balance 550 Silver Birch (W),https://stockx.com/fr-fr/new-balance-550-silver-birch-w 
933,Jordan 1 Mid SE Dark Chocolate,https://stockx.com/fr-fr/air-jordan-1-mid-earth-tone 
934,Nike Dunk Low Union Passport Pack Pistachio,https://stockx.com/fr-fr/nike-dunk-low-union-midnight-navy 
935,Nike Dunk Low Clear Blue Swoosh (GS),https://stockx.com/fr-fr/nike-dunk-low-clear-blue-swoosh-gs 
936,Nike Dunk Low Next Nature Pale Coral (W),https://stockx.com/fr-fr/nike-dunk-low-move-to-zero-pale-coral-w 
937,Jordan 1 Elevate Low Wolf Grey (W),https://stockx.com/fr-fr/air-jordan-1-low-lv8d-elevated-wolf-grey-w 
938,Jordan 1 Low Black White Grey,https://stockx.com/fr-fr/air-jordan-1-low-black-white-grey 
939,Jordan 1 Low UNC (2021),https://stockx.com/fr-fr/air-jordan-1-low-unc-2021 
940,Nike Dunk Low Vintage Green (W),https://stockx.com/fr-fr/nike-dunk-low-vintage-green-w 
941,adidas Yeezy Boost 350 V2 Hyperspace,https://stockx.com/fr-fr/adidas-yeezy-boost-350-v2-hyperspace 
942,Nike Air Force 1 Low White Gum,https://stockx.com/fr-fr/nike-air-force-1-low-white-gum 
943,adidas Yeezy Boost 350 V2 Israfil,https://stockx.com/fr-fr/adidas-yeezy-boost-350-v2-israfil 
944,Nike Air Humara LX Jacquemus Ale Brown Gold (W),https://stockx.com/fr-fr/nike-air-humara-lx-jacquemus-brown-w 
945,Nike LD Waffle SF sacai Fragment Blue Void,https://stockx.com/fr-fr/nike-ld-waffle-sf-sacai-fragment-grey-blue-void 
946,Nike LeBron 18 Low Wile E. vs Roadrunner Space Jam,https://stockx.com/fr-fr/nike-lebron-18-low-wile-e-vs-roadrunner-space-jam 
947,Jordan 4 Retro University Blue (GS),https://stockx.com/fr-fr/air-jordan-4-retro-university-blue-gs 
948,Nike LD Waffle sacai CLOT Kiss of Death Net Orange Blaze,https://stockx.com/fr-fr/nike-ldwaffle-clot-sacai-net-orange-blaze 
949," Jordan 1 Retro High ""White Black Volt University Gold"" ",https://stockx.com/fr-fr/air-jordan-1-retro-high-white-black-volt-university-gold 
950,Nike Dunk Low Jackie Robinson (GS),https://stockx.com/fr-fr/nike-dunk-low-jackie-robinson-gs 
951,Nike Dunk Low SE Sail Multi-Camo,https://stockx.com/fr-fr/nike-dunk-low-se-multi-camo 
952,Jordan 6 Retro Electric Green,https://stockx.com/fr-fr/air-jordan-6-retro-electric-green 
953,Jordan 1 High Element Gore-Tex Berry,https://stockx.com/fr-fr/air-jordan-1-high-element-gore-tex-berry 
954,Jordan 1 Retro High OG Pollen (GS),https://stockx.com/fr-fr/air-jordan-1-retro-high-og-pollen-gs 
955,Nike Dunk Low Essential Paisley Pack Green (W),https://stockx.com/fr-fr/nike-dunk-low-essential-paisley-pack-green-w 
956,Nike Air Max 90 NRG Bacon (2021),https://stockx.com/fr-fr/nike-air-max-90-nrg-bacon-2021 
957,Jordan 12 Retro Stealth (GS),https://stockx.com/fr-fr/air-jordan-12-retro-stealth-gs 
958,Jordan 5 Retro Raging Bull Red (2021) (GS),https://stockx.com/fr-fr/air-jordan-5-retro-raging-bulls-red-2021-gs 
959,Jordan 1 Low Black Grey Pink (GS),https://stockx.com/fr-fr/air-jordan-1-low-black-grey-pink-gs 
